Timestamp for sample frequency every 1 min,Temperature (Â°C)
2024-07-10 14:04:00,24.7150
2024-07-10 14:05:00,24.6625
2024-07-10 14:06:00,24.5250
2024-07-10 14:07:00,24.3175
2024-07-10 14:08:00,24.1400
2024-07-10 14:09:00,24.0750
2024-07-10 14:10:00,24.0275
2024-07-10 14:11:00,23.9725
2024-07-10 14:12:00,23.9450
2024-07-10 14:13:00,24.0275
2024-07-10 14:14:00,24.8650
2024-07-10 14:15:00,25.8250
2024-07-10 14:16:00,26.7650
2024-07-10 14:17:00,27.5750
2024-07-10 14:18:00,28.1425
2024-07-10 14:19:00,28.5725
2024-07-10 14:20:00,28.8700
2024-07-10 14:21:00,29.0700
2024-07-10 14:22:00,29.2725
2024-07-10 14:23:00,29.4550
2024-07-10 14:24:00,29.7375
2024-07-10 14:25:00,30.0400
2024-07-10 14:26:00,30.3150
2024-07-10 14:27:00,30.6175
2024-07-10 14:28:00,30.9125
2024-07-10 14:29:00,31.1950
2024-07-10 14:30:00,31.4825
2024-07-10 14:31:00,31.7425
2024-07-10 14:32:00,31.9825
2024-07-10 14:33:00,32.2300
2024-07-10 14:34:00,32.4800
2024-07-10 14:35:00,32.7250
2024-07-10 14:36:00,32.9500
2024-07-10 14:37:00,33.1500
2024-07-10 14:38:00,33.3725
2024-07-10 14:39:00,33.5225
2024-07-10 14:40:00,33.5700
2024-07-10 14:41:00,33.5600
2024-07-10 14:42:00,33.6400
2024-07-10 14:43:00,33.7575
2024-07-10 14:44:00,33.8600
2024-07-10 14:45:00,34.0125
2024-07-10 14:46:00,34.1325
2024-07-10 14:47:00,34.2925
2024-07-10 14:48:00,34.4325
2024-07-10 14:49:00,34.5750
2024-07-10 14:50:00,34.7150
2024-07-10 14:51:00,34.8775
2024-07-10 14:52:00,35.0000
2024-07-10 14:53:00,35.1375
2024-07-10 14:54:00,35.2900
2024-07-10 14:55:00,35.4325
2024-07-10 14:56:00,35.5725
2024-07-10 14:57:00,35.6975
2024-07-10 14:58:00,35.8275
2024-07-10 14:59:00,35.9375
2024-07-10 15:00:00,36.0950
2024-07-10 15:01:00,36.2200
2024-07-10 15:02:00,36.3425
2024-07-10 15:03:00,36.4875
2024-07-10 15:04:00,36.6150
2024-07-10 15:05:00,36.7425
2024-07-10 15:06:00,36.8675
2024-07-10 15:07:00,36.9750
2024-07-10 15:08:00,37.1175
2024-07-10 15:09:00,37.2775
2024-07-10 15:10:00,37.3950
2024-07-10 15:11:00,37.4350
2024-07-10 15:12:00,37.3725
2024-07-10 15:13:00,37.3050
2024-07-10 15:14:00,37.1750
2024-07-10 15:15:00,36.9775
2024-07-10 15:16:00,36.8100
2024-07-10 15:17:00,36.6225
2024-07-10 15:18:00,36.4525
2024-07-10 15:19:00,36.2950
2024-07-10 15:20:00,36.2350
2024-07-10 15:21:00,36.2375
2024-07-10 15:22:00,36.2475
2024-07-10 15:23:00,36.2700
2024-07-10 15:24:00,36.3425
2024-07-10 15:25:00,36.3150
2024-07-10 15:26:00,36.2575
2024-07-10 15:27:00,36.1675
2024-07-10 15:28:00,36.0275
2024-07-10 15:29:00,35.9175
2024-07-10 15:30:00,35.7875
2024-07-10 15:31:00,35.6850
2024-07-10 15:32:00,35.6250
2024-07-10 15:33:00,35.6125
2024-07-10 15:34:00,35.6200
2024-07-10 15:35:00,35.6475
2024-07-10 15:36:00,35.6675
2024-07-10 15:37:00,35.6700
2024-07-10 15:38:00,35.7000
2024-07-10 15:39:00,35.7250
2024-07-10 15:40:00,35.7650
2024-07-10 15:41:00,35.8100
2024-07-10 15:42:00,35.8300
2024-07-10 15:43:00,35.8525
2024-07-10 15:44:00,35.8725
2024-07-10 15:45:00,35.9200
2024-07-10 15:46:00,35.9375
2024-07-10 15:47:00,35.9800
2024-07-10 15:48:00,35.9700
2024-07-10 15:49:00,35.9975
2024-07-10 15:50:00,36.0125
2024-07-10 15:51:00,36.0675
2024-07-10 15:52:00,36.0525
2024-07-10 15:53:00,36.0875
2024-07-10 15:54:00,36.1000
2024-07-10 15:55:00,36.1475
2024-07-10 15:56:00,36.1550
2024-07-10 15:57:00,36.1675
2024-07-10 15:58:00,36.1850
2024-07-10 15:59:00,36.2000
2024-07-10 16:00:00,36.2225
2024-07-10 16:01:00,36.2200
2024-07-10 16:02:00,36.2250
2024-07-10 16:03:00,36.2475
2024-07-10 16:04:00,36.2700
2024-07-10 16:05:00,36.2775
2024-07-10 16:06:00,36.2850
2024-07-10 16:07:00,36.2750
2024-07-10 16:08:00,36.3125
2024-07-10 16:09:00,36.3125
2024-07-10 16:10:00,36.3000
2024-07-10 16:11:00,36.3350
2024-07-10 16:12:00,36.3300
2024-07-10 16:13:00,36.3425
2024-07-10 16:14:00,36.3525
2024-07-10 16:15:00,36.3350
2024-07-10 16:16:00,36.3350
2024-07-10 16:17:00,36.3425
2024-07-10 16:18:00,36.3625
2024-07-10 16:19:00,36.3325
2024-07-10 16:20:00,36.3150
2024-07-10 16:21:00,36.3225
2024-07-10 16:22:00,36.3225
2024-07-10 16:23:00,36.3425
2024-07-10 16:24:00,36.3275
2024-07-10 16:25:00,36.3150
2024-07-10 16:26:00,36.2950
2024-07-10 16:27:00,36.2900
2024-07-10 16:28:00,36.2850
2024-07-10 16:29:00,36.2700
2024-07-10 16:30:00,36.2700
2024-07-10 16:31:00,36.2500
2024-07-10 16:32:00,36.2600
2024-07-10 16:33:00,36.2525
2024-07-10 16:34:00,36.2175
2024-07-10 16:35:00,36.2175
2024-07-10 16:36:00,36.1850
2024-07-10 16:37:00,36.1775
2024-07-10 16:38:00,36.1650
2024-07-10 16:39:00,36.1625
2024-07-10 16:40:00,36.1325
2024-07-10 16:41:00,36.1200
2024-07-10 16:42:00,36.1200
2024-07-10 16:43:00,36.0825
2024-07-10 16:44:00,36.0775
2024-07-10 16:45:00,36.0575
2024-07-10 16:46:00,36.0600
2024-07-10 16:47:00,36.0025
2024-07-10 16:48:00,35.9975
2024-07-10 16:49:00,35.9850
2024-07-10 16:50:00,35.9650
2024-07-10 16:51:00,35.9300
2024-07-10 16:52:00,35.9125
2024-07-10 16:53:00,35.8950
2024-07-10 16:54:00,35.8775
2024-07-10 16:55:00,35.8500
2024-07-10 16:56:00,35.8550
2024-07-10 16:57:00,35.8050
2024-07-10 16:58:00,35.8025
2024-07-10 16:59:00,35.7775
2024-07-10 17:00:00,35.7650
2024-07-10 17:01:00,35.7250
2024-07-10 17:02:00,35.6975
2024-07-10 17:03:00,35.6875
2024-07-10 17:04:00,35.6325
2024-07-10 17:05:00,35.6475
2024-07-10 17:06:00,35.6225
2024-07-10 17:07:00,35.6000
2024-07-10 17:08:00,35.5750
2024-07-10 17:09:00,35.5425
2024-07-10 17:10:00,35.4900
2024-07-10 17:11:00,35.5350
2024-07-10 17:12:00,35.4925
2024-07-10 17:13:00,35.4525
2024-07-10 17:14:00,35.4325
2024-07-10 17:15:00,35.3950
2024-07-10 17:16:00,35.4175
2024-07-10 17:17:00,35.3650
2024-07-10 17:18:00,35.3475
2024-07-10 17:19:00,35.3225
2024-07-10 17:20:00,35.2900
2024-07-10 17:21:00,35.2850
2024-07-10 17:22:00,35.2600
2024-07-10 17:23:00,35.2275
2024-07-10 17:24:00,35.2125
2024-07-10 17:25:00,35.1925
2024-07-10 17:26:00,35.1525
2024-07-10 17:27:00,35.1475
2024-07-10 17:28:00,35.1250
2024-07-10 17:29:00,35.1000
2024-07-10 17:30:00,35.0825
2024-07-10 17:31:00,35.0550
2024-07-10 17:32:00,35.0375
2024-07-10 17:33:00,34.9925
2024-07-10 17:34:00,34.9900
2024-07-10 17:35:00,34.9950
2024-07-10 17:36:00,34.9525
2024-07-10 17:37:00,34.9175
2024-07-10 17:38:00,34.9150
2024-07-10 17:39:00,34.9075
2024-07-10 17:40:00,34.8775
2024-07-10 17:41:00,34.8525
2024-07-10 17:42:00,34.8325
2024-07-10 17:43:00,34.8150
2024-07-10 17:44:00,34.7900
2024-07-10 17:45:00,34.7650
2024-07-10 17:46:00,34.7525
2024-07-10 17:47:00,34.7150
2024-07-10 17:48:00,34.7100
2024-07-10 17:49:00,34.6975
2024-07-10 17:50:00,34.6550
2024-07-10 17:51:00,34.6525
2024-07-10 17:52:00,34.6425
2024-07-10 17:53:00,34.6250
2024-07-10 17:54:00,34.5950
2024-07-10 17:55:00,34.5775
2024-07-10 17:56:00,34.5625
2024-07-10 17:57:00,34.5175
2024-07-10 17:58:00,34.5200
2024-07-10 17:59:00,34.4950
2024-07-10 18:00:00,34.4925
2024-07-10 18:01:00,34.4700
2024-07-10 18:02:00,34.4425
2024-07-10 18:03:00,34.4575
2024-07-10 18:04:00,34.4150
2024-07-10 18:05:00,34.4075
2024-07-10 18:06:00,34.3900
2024-07-10 18:07:00,34.3900
2024-07-10 18:08:00,34.3400
2024-07-10 18:09:00,34.3525
2024-07-10 18:10:00,34.2975
2024-07-10 18:11:00,34.2950
2024-07-10 18:12:00,34.2800
2024-07-10 18:13:00,34.2775
2024-07-10 18:14:00,34.2325
2024-07-10 18:15:00,34.2325
2024-07-10 18:16:00,34.2050
2024-07-10 18:17:00,34.1925
2024-07-10 18:18:00,34.1825
2024-07-10 18:19:00,34.1600
2024-07-10 18:20:00,34.1450
2024-07-10 18:21:00,34.1275
2024-07-10 18:22:00,34.1100
2024-07-10 18:23:00,34.0900
2024-07-10 18:24:00,34.0950
2024-07-10 18:25:00,34.0775
2024-07-10 18:26:00,34.0375
2024-07-10 18:27:00,34.0525
2024-07-10 18:28:00,34.0100
2024-07-10 18:29:00,34.0150
2024-07-10 18:30:00,34.0000
2024-07-10 18:31:00,33.9650
2024-07-10 18:32:00,33.9425
2024-07-10 18:33:00,33.9350
2024-07-10 18:34:00,33.9225
2024-07-10 18:35:00,33.9225
2024-07-10 18:36:00,33.8900
2024-07-10 18:37:00,33.8750
2024-07-10 18:38:00,33.8575
2024-07-10 18:39:00,33.8550
2024-07-10 18:40:00,33.8475
2024-07-10 18:41:00,33.8075
2024-07-10 18:42:00,33.8075
2024-07-10 18:43:00,33.7800
2024-07-10 18:44:00,33.7750
2024-07-10 18:45:00,33.7550
2024-07-10 18:46:00,33.7275
2024-07-10 18:47:00,33.7225
2024-07-10 18:48:00,33.7050
2024-07-10 18:49:00,33.6725
2024-07-10 18:50:00,33.6675
2024-07-10 18:51:00,33.6700
2024-07-10 18:52:00,33.6550
2024-07-10 18:53:00,33.6150
2024-07-10 18:54:00,33.5425
2024-07-10 18:55:00,33.3500
2024-07-10 18:56:00,33.1525
2024-07-10 18:57:00,32.9250
2024-07-10 18:58:00,32.7250
2024-07-10 18:59:00,32.6375
2024-07-10 19:00:00,32.6075
2024-07-10 19:01:00,32.5900
2024-07-10 19:02:00,32.5725
2024-07-10 19:03:00,32.5475
2024-07-10 19:04:00,32.5675
2024-07-10 19:05:00,32.5500
2024-07-10 19:06:00,32.5525
2024-07-10 19:07:00,32.5625
2024-07-10 19:08:00,32.5675
2024-07-10 19:09:00,32.5725
2024-07-10 19:10:00,32.5825
2024-07-10 19:11:00,32.5925
2024-07-10 19:12:00,32.6125
2024-07-10 19:13:00,32.5950
2024-07-10 19:14:00,32.6025
2024-07-10 19:15:00,32.6175
2024-07-10 19:16:00,32.6500
2024-07-10 19:17:00,32.6425
2024-07-10 19:18:00,32.6725
2024-07-10 19:19:00,32.6750
2024-07-10 19:20:00,32.6925
2024-07-10 19:21:00,32.6850
2024-07-10 19:22:00,32.6950
2024-07-10 19:23:00,32.7075
2024-07-10 19:24:00,32.7275
2024-07-10 19:25:00,32.7525
2024-07-10 19:26:00,32.7600
2024-07-10 19:27:00,32.7450
2024-07-10 19:28:00,32.7700
2024-07-10 19:29:00,32.7975
2024-07-10 19:30:00,32.8025
2024-07-10 19:31:00,32.7950
2024-07-10 19:32:00,32.8050
2024-07-10 19:33:00,32.8250
2024-07-10 19:34:00,32.8325
2024-07-10 19:35:00,32.8375
2024-07-10 19:36:00,32.8600
2024-07-10 19:37:00,32.8500
2024-07-10 19:38:00,32.8700
2024-07-10 19:39:00,32.8725
2024-07-10 19:40:00,32.8750
2024-07-10 19:41:00,32.8775
2024-07-10 19:42:00,32.9050
2024-07-10 19:43:00,32.9250
2024-07-10 19:44:00,32.9200
2024-07-10 19:45:00,32.9025
2024-07-10 19:46:00,32.9250
2024-07-10 19:47:00,32.9250
2024-07-10 19:48:00,32.9250
2024-07-10 19:49:00,32.9100
2024-07-10 19:50:00,32.9250
2024-07-10 19:51:00,32.8950
2024-07-10 19:52:00,32.9125
2024-07-10 19:53:00,32.9000
2024-07-10 19:54:00,32.9125
2024-07-10 19:55:00,32.9125
2024-07-10 19:56:00,32.8850
2024-07-10 19:57:00,32.8825
2024-07-10 19:58:00,32.8950
2024-07-10 19:59:00,32.8825
2024-07-10 20:00:00,32.8850
2024-07-10 20:01:00,32.8625
2024-07-10 20:02:00,32.8775
2024-07-10 20:03:00,32.8675
2024-07-10 20:04:00,32.8350
2024-07-10 20:05:00,32.8150
2024-07-10 20:06:00,32.8125
2024-07-10 20:07:00,32.8075
2024-07-10 20:08:00,32.7975
2024-07-10 20:09:00,32.7975
2024-07-10 20:10:00,32.7700
2024-07-10 20:11:00,32.7525
2024-07-10 20:12:00,32.7625
2024-07-10 20:13:00,32.7275
2024-07-10 20:14:00,32.7350
2024-07-10 20:15:00,32.7350
2024-07-10 20:16:00,32.6975
2024-07-10 20:17:00,32.7075
2024-07-10 20:18:00,32.6875
2024-07-10 20:19:00,32.6525
2024-07-10 20:20:00,32.6600
2024-07-10 20:21:00,32.6525
2024-07-10 20:22:00,32.6325
2024-07-10 20:23:00,32.6325
2024-07-10 20:24:00,32.6050
2024-07-10 20:25:00,32.6075
2024-07-10 20:26:00,32.5900
2024-07-10 20:27:00,32.5725
2024-07-10 20:28:00,32.5725
2024-07-10 20:29:00,32.5575
2024-07-10 20:30:00,32.5300
2024-07-10 20:31:00,32.5225
2024-07-10 20:32:00,32.5125
2024-07-10 20:33:00,32.5200
2024-07-10 20:34:00,32.4950
2024-07-10 20:35:00,32.4850
2024-07-10 20:36:00,32.4575
2024-07-10 20:37:00,32.4825
2024-07-10 20:38:00,32.4525
2024-07-10 20:39:00,32.4400
2024-07-10 20:40:00,32.4525
2024-07-10 20:41:00,32.4075
2024-07-10 20:42:00,32.3975
2024-07-10 20:43:00,32.3925
2024-07-10 20:44:00,32.3850
2024-07-10 20:45:00,32.3525
2024-07-10 20:46:00,32.3175
2024-07-10 20:47:00,32.3275
2024-07-10 20:48:00,32.3275
2024-07-10 20:49:00,32.2850
2024-07-10 20:50:00,32.2900
2024-07-10 20:51:00,32.2725
2024-07-10 20:52:00,32.2550
2024-07-10 20:53:00,32.2525
2024-07-10 20:54:00,32.2075
2024-07-10 20:55:00,32.2450
2024-07-10 20:56:00,32.2025
2024-07-10 20:57:00,32.2000
2024-07-10 20:58:00,32.1850
2024-07-10 20:59:00,32.1450
2024-07-10 21:00:00,32.1275
2024-07-10 21:01:00,32.0925
2024-07-10 21:02:00,32.0975
2024-07-10 21:03:00,32.0825
2024-07-10 21:04:00,32.0700
2024-07-10 21:05:00,32.0575
2024-07-10 21:06:00,32.0325
2024-07-10 21:07:00,31.9975
2024-07-10 21:08:00,31.9800
2024-07-10 21:09:00,31.9600
2024-07-10 21:10:00,31.9475
2024-07-10 21:11:00,31.9350
2024-07-10 21:12:00,31.9250
2024-07-10 21:13:00,31.9275
2024-07-10 21:14:00,31.8700
2024-07-10 21:15:00,31.8500
2024-07-10 21:16:00,31.8450
2024-07-10 21:17:00,31.8250
2024-07-10 21:18:00,31.7950
2024-07-10 21:19:00,31.7875
2024-07-10 21:20:00,31.7750
2024-07-10 21:21:00,31.7775
2024-07-10 21:22:00,31.7300
2024-07-10 21:23:00,31.7175
2024-07-10 21:24:00,31.7075
2024-07-10 21:25:00,31.6850
2024-07-10 21:26:00,31.6700
2024-07-10 21:27:00,31.6450
2024-07-10 21:28:00,31.6375
2024-07-10 21:29:00,31.6000
2024-07-10 21:30:00,31.5950
2024-07-10 21:31:00,31.6025
2024-07-10 21:32:00,31.5550
2024-07-10 21:33:00,31.5625
2024-07-10 21:34:00,31.5400
2024-07-10 21:35:00,31.5300
2024-07-10 21:36:00,31.5075
2024-07-10 21:37:00,31.4900
2024-07-10 21:38:00,31.4750
2024-07-10 21:39:00,31.4350
2024-07-10 21:40:00,31.4275
2024-07-10 21:41:00,31.3875
2024-07-10 21:42:00,31.3875
2024-07-10 21:43:00,31.3650
2024-07-10 21:44:00,31.3500
2024-07-10 21:45:00,31.3100
2024-07-10 21:46:00,31.2975
2024-07-10 21:47:00,31.2700
2024-07-10 21:48:00,31.2425
2024-07-10 21:49:00,31.2375
2024-07-10 21:50:00,31.1900
2024-07-10 21:51:00,31.1700
2024-07-10 21:52:00,31.1600
2024-07-10 21:53:00,31.1150
2024-07-10 21:54:00,31.0975
2024-07-10 21:55:00,31.0475
2024-07-10 21:56:00,31.0225
2024-07-10 21:57:00,31.0200
2024-07-10 21:58:00,30.9850
2024-07-10 21:59:00,30.9175
2024-07-10 22:00:00,30.8925
2024-07-10 22:01:00,30.8650
2024-07-10 22:02:00,30.8375
2024-07-10 22:03:00,30.8100
2024-07-10 22:04:00,30.7575
2024-07-10 22:05:00,30.7175
2024-07-10 22:06:00,30.6875
2024-07-10 22:07:00,30.6450
2024-07-10 22:08:00,30.6025
2024-07-10 22:09:00,30.5600
2024-07-10 22:10:00,30.5000
2024-07-10 22:11:00,30.4350
2024-07-10 22:12:00,30.4125
2024-07-10 22:13:00,30.3575
2024-07-10 22:14:00,30.3050
2024-07-10 22:15:00,30.2850
2024-07-10 22:16:00,30.2100
2024-07-10 22:17:00,30.1800
2024-07-10 22:18:00,30.1400
2024-07-10 22:19:00,30.0800
2024-07-10 22:20:00,30.0325
2024-07-10 22:21:00,29.9875
2024-07-10 22:22:00,29.9400
2024-07-10 22:23:00,29.9350
2024-07-10 22:24:00,29.8750
2024-07-10 22:25:00,29.8625
2024-07-10 22:26:00,29.8175
2024-07-10 22:27:00,29.7900
2024-07-10 22:28:00,29.7525
2024-07-10 22:29:00,29.7150
2024-07-10 22:30:00,29.6850
2024-07-10 22:31:00,29.6650
2024-07-10 22:32:00,29.6125
2024-07-10 22:33:00,29.5775
2024-07-10 22:34:00,29.5575
2024-07-10 22:35:00,29.4900
2024-07-10 22:36:00,29.4725
2024-07-10 22:37:00,29.4375
2024-07-10 22:38:00,29.4400
2024-07-10 22:39:00,29.3900
2024-07-10 22:40:00,29.3400
2024-07-10 22:41:00,29.3250
2024-07-10 22:42:00,29.3000
2024-07-10 22:43:00,29.2950
2024-07-10 22:44:00,29.2575
2024-07-10 22:45:00,29.1375
2024-07-10 22:46:00,29.0000
2024-07-10 22:47:00,28.8550
2024-07-10 22:48:00,28.7650
2024-07-10 22:49:00,28.6950
2024-07-10 22:50:00,28.6700
2024-07-10 22:51:00,28.6500
2024-07-10 22:52:00,28.6300
2024-07-10 22:53:00,28.6150
2024-07-10 22:54:00,28.6175
2024-07-10 22:55:00,28.6400
2024-07-10 22:56:00,28.6175
2024-07-10 22:57:00,28.6275
2024-07-10 22:58:00,28.6175
2024-07-10 22:59:00,28.6275
2024-07-10 23:00:00,28.6175
2024-07-10 23:01:00,28.6375
2024-07-10 23:02:00,28.6525
2024-07-10 23:03:00,28.6625
2024-07-10 23:04:00,28.6475
2024-07-10 23:05:00,28.6550
2024-07-10 23:06:00,28.6625
2024-07-10 23:07:00,28.6700
2024-07-10 23:08:00,28.6900
2024-07-10 23:09:00,28.6750
2024-07-10 23:10:00,28.6800
2024-07-10 23:11:00,28.6925
2024-07-10 23:12:00,28.7200
2024-07-10 23:13:00,28.6900
2024-07-10 23:14:00,28.7200
2024-07-10 23:15:00,28.7350
2024-07-10 23:16:00,28.7200
2024-07-10 23:17:00,28.7175
2024-07-10 23:18:00,28.7350
2024-07-10 23:19:00,28.7550
2024-07-10 23:20:00,28.7525
2024-07-10 23:21:00,28.7650
2024-07-10 23:22:00,28.7650
2024-07-10 23:23:00,28.7550
2024-07-10 23:24:00,28.7600
2024-07-10 23:25:00,28.7900
2024-07-10 23:26:00,28.7875
2024-07-10 23:27:00,28.7750
2024-07-10 23:28:00,28.7875
2024-07-10 23:29:00,28.7925
2024-07-10 23:30:00,28.7925
2024-07-10 23:31:00,28.8050
2024-07-10 23:32:00,28.8100
2024-07-10 23:33:00,28.8350
2024-07-10 23:34:00,28.8200
2024-07-10 23:35:00,28.8200
2024-07-10 23:36:00,28.8100
2024-07-10 23:37:00,28.8400
2024-07-10 23:38:00,28.8275
2024-07-10 23:39:00,28.8400
2024-07-10 23:40:00,28.8475
2024-07-10 23:41:00,28.8550
2024-07-10 23:42:00,28.8625
2024-07-10 23:43:00,28.8625
2024-07-10 23:44:00,28.8725
2024-07-10 23:45:00,28.8575
2024-07-10 23:46:00,28.8825
2024-07-10 23:47:00,28.8725
2024-07-10 23:48:00,28.8775
2024-07-10 23:49:00,28.8825
2024-07-10 23:50:00,28.8725
2024-07-10 23:51:00,28.8900
2024-07-10 23:52:00,28.9125
2024-07-10 23:53:00,28.8675
2024-07-10 23:54:00,28.8850
2024-07-10 23:55:00,28.9125
2024-07-10 23:56:00,28.9025
2024-07-10 23:57:00,28.8925
2024-07-10 23:58:00,28.9125
2024-07-10 23:59:00,28.9100
2024-07-11 00:00:00,28.9275
2024-07-11 00:01:00,28.9300
2024-07-11 00:02:00,28.9300
2024-07-11 00:03:00,28.9300
2024-07-11 00:04:00,28.9575
2024-07-11 00:05:00,28.9450
2024-07-11 00:06:00,28.9475
2024-07-11 00:07:00,28.9475
2024-07-11 00:08:00,28.9300
2024-07-11 00:09:00,28.9575
2024-07-11 00:10:00,28.9725
2024-07-11 00:11:00,28.9600
2024-07-11 00:12:00,28.9450
2024-07-11 00:13:00,28.9475
2024-07-11 00:14:00,28.9600
2024-07-11 00:15:00,28.9750
2024-07-11 00:16:00,28.9825
2024-07-11 00:17:00,28.9675
2024-07-11 00:18:00,28.9650
2024-07-11 00:19:00,28.9625
2024-07-11 00:20:00,28.9600
2024-07-11 00:21:00,28.9725
2024-07-11 00:22:00,28.9850
2024-07-11 00:23:00,28.9675
2024-07-11 00:24:00,28.9725
2024-07-11 00:25:00,28.9875
2024-07-11 00:26:00,28.9850
2024-07-11 00:27:00,29.0000
2024-07-11 00:28:00,28.9950
2024-07-11 00:29:00,29.0000
2024-07-11 00:30:00,29.0150
2024-07-11 00:31:00,29.0250
2024-07-11 00:32:00,28.9975
2024-07-11 00:33:00,29.0000
2024-07-11 00:34:00,29.0125
2024-07-11 00:35:00,29.0025
2024-07-11 00:36:00,29.0025
2024-07-11 00:37:00,29.0275
2024-07-11 00:38:00,29.0125
2024-07-11 00:39:00,29.0000
2024-07-11 00:40:00,29.0250
2024-07-11 00:41:00,29.0100
2024-07-11 00:42:00,29.0100
2024-07-11 00:43:00,28.9900
2024-07-11 00:44:00,29.0150
2024-07-11 00:45:00,29.0250
2024-07-11 00:46:00,29.0000
2024-07-11 00:47:00,29.0275
2024-07-11 00:48:00,29.0100
2024-07-11 00:49:00,29.0100
2024-07-11 00:50:00,29.0050
2024-07-11 00:51:00,29.0025
2024-07-11 00:52:00,28.9875
2024-07-11 00:53:00,28.9850
2024-07-11 00:54:00,29.0025
2024-07-11 00:55:00,29.0025
2024-07-11 00:56:00,28.9925
2024-07-11 00:57:00,29.0100
2024-07-11 00:58:00,29.0250
2024-07-11 00:59:00,29.0100
2024-07-11 01:00:00,29.0125
2024-07-11 01:01:00,29.0100
2024-07-11 01:02:00,29.0100
2024-07-11 01:03:00,29.0225
2024-07-11 01:04:00,29.0050
2024-07-11 01:05:00,29.0025
2024-07-11 01:06:00,29.0100
2024-07-11 01:07:00,29.0000
2024-07-11 01:08:00,29.0000
2024-07-11 01:09:00,29.0000
2024-07-11 01:10:00,28.9800
2024-07-11 01:11:00,29.0025
2024-07-11 01:12:00,28.9875
2024-07-11 01:13:00,29.0000
2024-07-11 01:14:00,28.9975
2024-07-11 01:15:00,29.0025
2024-07-11 01:16:00,29.0075
2024-07-11 01:17:00,29.0100
2024-07-11 01:18:00,28.9875
2024-07-11 01:19:00,28.9850
2024-07-11 01:20:00,28.9925
2024-07-11 01:21:00,28.9950
2024-07-11 01:22:00,29.0100
2024-07-11 01:23:00,28.9850
2024-07-11 01:24:00,28.9950
2024-07-11 01:25:00,28.9750
2024-07-11 01:26:00,28.9725
2024-07-11 01:27:00,28.9725
2024-07-11 01:28:00,28.9725
2024-07-11 01:29:00,28.9575
2024-07-11 01:30:00,28.9675
2024-07-11 01:31:00,28.9750
2024-07-11 01:32:00,28.9550
2024-07-11 01:33:00,28.9525
2024-07-11 01:34:00,28.9650
2024-07-11 01:35:00,28.9500
2024-07-11 01:36:00,28.9600
2024-07-11 01:37:00,28.9425
2024-07-11 01:38:00,28.9375
2024-07-11 01:39:00,28.9350
2024-07-11 01:40:00,28.9550
2024-07-11 01:41:00,28.9475
2024-07-11 01:42:00,28.9200
2024-07-11 01:43:00,28.9200
2024-07-11 01:44:00,28.9300
2024-07-11 01:45:00,28.9175
2024-07-11 01:46:00,28.9425
2024-07-11 01:47:00,28.9300
2024-07-11 01:48:00,28.9350
2024-07-11 01:49:00,28.9150
2024-07-11 01:50:00,28.9200
2024-07-11 01:51:00,28.9275
2024-07-11 01:52:00,28.9225
2024-07-11 01:53:00,28.9100
2024-07-11 01:54:00,28.9125
2024-07-11 01:55:00,28.9025
2024-07-11 01:56:00,28.9075
2024-07-11 01:57:00,28.8925
2024-07-11 01:58:00,28.8900
2024-07-11 01:59:00,28.8925
2024-07-11 02:00:00,28.8850
2024-07-11 02:01:00,28.8825
2024-07-11 02:02:00,28.8775
2024-07-11 02:03:00,28.8775
2024-07-11 02:04:00,28.8775
2024-07-11 02:05:00,28.8525
2024-07-11 02:06:00,28.8625
2024-07-11 02:07:00,28.8675
2024-07-11 02:08:00,28.8675
2024-07-11 02:09:00,28.8450
2024-07-11 02:10:00,28.8625
2024-07-11 02:11:00,28.8575
2024-07-11 02:12:00,28.8525
2024-07-11 02:13:00,28.8500
2024-07-11 02:14:00,28.8425
2024-07-11 02:15:00,28.8475
2024-07-11 02:16:00,28.8475
2024-07-11 02:17:00,28.8450
2024-07-11 02:18:00,28.8200
2024-07-11 02:19:00,28.8300
2024-07-11 02:20:00,28.8100
2024-07-11 02:21:00,28.8450
2024-07-11 02:22:00,28.8175
2024-07-11 02:23:00,28.8175
2024-07-11 02:24:00,28.8175
2024-07-11 02:25:00,28.8150
2024-07-11 02:26:00,28.8250
2024-07-11 02:27:00,28.8075
2024-07-11 02:28:00,28.8125
2024-07-11 02:29:00,28.7925
2024-07-11 02:30:00,28.8025
2024-07-11 02:31:00,28.7900
2024-07-11 02:32:00,28.8000
2024-07-11 02:33:00,28.7700
2024-07-11 02:34:00,28.7575
2024-07-11 02:35:00,28.7775
2024-07-11 02:36:00,28.7850
2024-07-11 02:37:00,28.7450
2024-07-11 02:38:00,28.7575
2024-07-11 02:39:00,28.7700
2024-07-11 02:40:00,28.7575
2024-07-11 02:41:00,28.7500
2024-07-11 02:42:00,28.7375
2024-07-11 02:43:00,28.7500
2024-07-11 02:44:00,28.7325
2024-07-11 02:45:00,28.7350
2024-07-11 02:46:00,28.7325
2024-07-11 02:47:00,28.7225
2024-07-11 02:48:00,28.7125
2024-07-11 02:49:00,28.7225
2024-07-11 02:50:00,28.7000
2024-07-11 02:51:00,28.6925
2024-07-11 02:52:00,28.7025
2024-07-11 02:53:00,28.6800
2024-07-11 02:54:00,28.7025
2024-07-11 02:55:00,28.6925
2024-07-11 02:56:00,28.6825
2024-07-11 02:57:00,28.7000
2024-07-11 02:58:00,28.6825
2024-07-11 02:59:00,28.6900
2024-07-11 03:00:00,28.6825
2024-07-11 03:01:00,28.6575
2024-07-11 03:02:00,28.6625
2024-07-11 03:03:00,28.6475
2024-07-11 03:04:00,28.6275
2024-07-11 03:05:00,28.6300
2024-07-11 03:06:00,28.6325
2024-07-11 03:07:00,28.6200
2024-07-11 03:08:00,28.6275
2024-07-11 03:09:00,28.6150
2024-07-11 03:10:00,28.6150
2024-07-11 03:11:00,28.5925
2024-07-11 03:12:00,28.6175
2024-07-11 03:13:00,28.5625
2024-07-11 03:14:00,28.6025
2024-07-11 03:15:00,28.5875
2024-07-11 03:16:00,28.5800
2024-07-11 03:17:00,28.5725
2024-07-11 03:18:00,28.5600
2024-07-11 03:19:00,28.5575
2024-07-11 03:20:00,28.5600
2024-07-11 03:21:00,28.5625
2024-07-11 03:22:00,28.5525
2024-07-11 03:23:00,28.5350
2024-07-11 03:24:00,28.5525
2024-07-11 03:25:00,28.5375
2024-07-11 03:26:00,28.5150
2024-07-11 03:27:00,28.5350
2024-07-11 03:28:00,28.5150
2024-07-11 03:29:00,28.5025
2024-07-11 03:30:00,28.4975
2024-07-11 03:31:00,28.5000
2024-07-11 03:32:00,28.5000
2024-07-11 03:33:00,28.5025
2024-07-11 03:34:00,28.4900
2024-07-11 03:35:00,28.4850
2024-07-11 03:36:00,28.4850
2024-07-11 03:37:00,28.4600
2024-07-11 03:38:00,28.4525
2024-07-11 03:39:00,28.4400
2024-07-11 03:40:00,28.4250
2024-07-11 03:41:00,28.4600
2024-07-11 03:42:00,28.4400
2024-07-11 03:43:00,28.4450
2024-07-11 03:44:00,28.4225
2024-07-11 03:45:00,28.4000
2024-07-11 03:46:00,28.4025
2024-07-11 03:47:00,28.4175
2024-07-11 03:48:00,28.4025
2024-07-11 03:49:00,28.3850
2024-07-11 03:50:00,28.4075
2024-07-11 03:51:00,28.3725
2024-07-11 03:52:00,28.3725
2024-07-11 03:53:00,28.3600
2024-07-11 03:54:00,28.3525
2024-07-11 03:55:00,28.3350
2024-07-11 03:56:00,28.3400
2024-07-11 03:57:00,28.3375
2024-07-11 03:58:00,28.3150
2024-07-11 03:59:00,28.3100
2024-07-11 04:00:00,28.2975
2024-07-11 04:01:00,28.3100
2024-07-11 04:02:00,28.2750
2024-07-11 04:03:00,28.2675
2024-07-11 04:04:00,28.2800
2024-07-11 04:05:00,28.2500
2024-07-11 04:06:00,28.2675
2024-07-11 04:07:00,28.2425
2024-07-11 04:08:00,28.2200
2024-07-11 04:09:00,28.2375
2024-07-11 04:10:00,28.2250
2024-07-11 04:11:00,28.2400
2024-07-11 04:12:00,28.2075
2024-07-11 04:13:00,28.2000
2024-07-11 04:14:00,28.1800
2024-07-11 04:15:00,28.1850
2024-07-11 04:16:00,28.1475
2024-07-11 04:17:00,28.1625
2024-07-11 04:18:00,28.1475
2024-07-11 04:19:00,28.1400
2024-07-11 04:20:00,28.1275
2024-07-11 04:21:00,28.1250
2024-07-11 04:22:00,28.0925
2024-07-11 04:23:00,28.0925
2024-07-11 04:24:00,28.0825
2024-07-11 04:25:00,28.0950
2024-07-11 04:26:00,28.0650
2024-07-11 04:27:00,28.0875
2024-07-11 04:28:00,28.0550
2024-07-11 04:29:00,28.0400
2024-07-11 04:30:00,28.0275
2024-07-11 04:31:00,28.0300
2024-07-11 04:32:00,27.9925
2024-07-11 04:33:00,28.0075
2024-07-11 04:34:00,27.9825
2024-07-11 04:35:00,27.9825
2024-07-11 04:36:00,27.9725
2024-07-11 04:37:00,27.9750
2024-07-11 04:38:00,27.9675
2024-07-11 04:39:00,27.9575
2024-07-11 04:40:00,27.9350
2024-07-11 04:41:00,27.8950
2024-07-11 04:42:00,27.9225
2024-07-11 04:43:00,27.8950
2024-07-11 04:44:00,27.9050
2024-07-11 04:45:00,27.8650
2024-07-11 04:46:00,27.8900
2024-07-11 04:47:00,27.8525
2024-07-11 04:48:00,27.8675
2024-07-11 04:49:00,27.8400
2024-07-11 04:50:00,27.8250
2024-07-11 04:51:00,27.8375
2024-07-11 04:52:00,27.8125
2024-07-11 04:53:00,27.8050
2024-07-11 04:54:00,27.7950
2024-07-11 04:55:00,27.7800
2024-07-11 04:56:00,27.7575
2024-07-11 04:57:00,27.7500
2024-07-11 04:58:00,27.7375
2024-07-11 04:59:00,27.7400
2024-07-11 05:00:00,27.7325
2024-07-11 05:01:00,27.7225
2024-07-11 05:02:00,27.6975
2024-07-11 05:03:00,27.6975
2024-07-11 05:04:00,27.6800
2024-07-11 05:05:00,27.6775
2024-07-11 05:06:00,27.6500
2024-07-11 05:07:00,27.6500
2024-07-11 05:08:00,27.6500
2024-07-11 05:09:00,27.6225
2024-07-11 05:10:00,27.6000
2024-07-11 05:11:00,27.6150
2024-07-11 05:12:00,27.5875
2024-07-11 05:13:00,27.5750
2024-07-11 05:14:00,27.5725
2024-07-11 05:15:00,27.5650
2024-07-11 05:16:00,27.5175
2024-07-11 05:17:00,27.5375
2024-07-11 05:18:00,27.5400
2024-07-11 05:19:00,27.5150
2024-07-11 05:20:00,27.5075
2024-07-11 05:21:00,27.4825
2024-07-11 05:22:00,27.4950
2024-07-11 05:23:00,27.4525
2024-07-11 05:24:00,27.4575
2024-07-11 05:25:00,27.4475
2024-07-11 05:26:00,27.4250
2024-07-11 05:27:00,27.4400
2024-07-11 05:28:00,27.4150
2024-07-11 05:29:00,27.3925
2024-07-11 05:30:00,27.3875
2024-07-11 05:31:00,27.3850
2024-07-11 05:32:00,27.3575
2024-07-11 05:33:00,27.3650
2024-07-11 05:34:00,27.3575
2024-07-11 05:35:00,27.3425
2024-07-11 05:36:00,27.3375
2024-07-11 05:37:00,27.3075
2024-07-11 05:38:00,27.3000
2024-07-11 05:39:00,27.3025
2024-07-11 05:40:00,27.2675
2024-07-11 05:41:00,27.2800
2024-07-11 05:42:00,27.2700
2024-07-11 05:43:00,27.2550
2024-07-11 05:44:00,27.2425
2024-07-11 05:45:00,27.2125
2024-07-11 05:46:00,27.2050
2024-07-11 05:47:00,27.1800
2024-07-11 05:48:00,27.1950
2024-07-11 05:49:00,27.1725
2024-07-11 05:50:00,27.1675
2024-07-11 05:51:00,27.1600
2024-07-11 05:52:00,27.1275
2024-07-11 05:53:00,27.1300
2024-07-11 05:54:00,27.1225
2024-07-11 05:55:00,27.1175
2024-07-11 05:56:00,27.0900
2024-07-11 05:57:00,27.0675
2024-07-11 05:58:00,27.0750
2024-07-11 05:59:00,27.0775
2024-07-11 06:00:00,27.0800
2024-07-11 06:01:00,27.0350
2024-07-11 06:02:00,27.0025
2024-07-11 06:03:00,27.0250
2024-07-11 06:04:00,27.0125
2024-07-11 06:05:00,27.0000
2024-07-11 06:06:00,26.9650
2024-07-11 06:07:00,26.9975
2024-07-11 06:08:00,26.9650
2024-07-11 06:09:00,26.9500
2024-07-11 06:10:00,26.9375
2024-07-11 06:11:00,26.9300
2024-07-11 06:12:00,26.9150
2024-07-11 06:13:00,26.9125
2024-07-11 06:14:00,26.9200
2024-07-11 06:15:00,26.8875
2024-07-11 06:16:00,26.8675
2024-07-11 06:17:00,26.8375
2024-07-11 06:18:00,26.8500
2024-07-11 06:19:00,26.8475
2024-07-11 06:20:00,26.8550
2024-07-11 06:21:00,26.8200
2024-07-11 06:22:00,26.7950
2024-07-11 06:23:00,26.7950
2024-07-11 06:24:00,26.7950
2024-07-11 06:25:00,26.7750
2024-07-11 06:26:00,26.7575
2024-07-11 06:27:00,26.7525
2024-07-11 06:28:00,26.7525
2024-07-11 06:29:00,26.7350
2024-07-11 06:30:00,26.7250
2024-07-11 06:31:00,26.7075
2024-07-11 06:32:00,26.7000
2024-07-11 06:33:00,26.6975
2024-07-11 06:34:00,26.6800
2024-07-11 06:35:00,26.6850
2024-07-11 06:36:00,26.6575
2024-07-11 06:37:00,26.6450
2024-07-11 06:38:00,26.6325
2024-07-11 06:39:00,26.6075
2024-07-11 06:40:00,26.6200
2024-07-11 06:41:00,26.6125
2024-07-11 06:42:00,26.5975
2024-07-11 06:43:00,26.6075
2024-07-11 06:44:00,26.5800
2024-07-11 06:45:00,26.5675
2024-07-11 06:46:00,26.5325
2024-07-11 06:47:00,26.4900
2024-07-11 06:48:00,26.3725
2024-07-11 06:49:00,26.2400
2024-07-11 06:50:00,26.1100
2024-07-11 06:51:00,25.9750
2024-07-11 06:52:00,25.8850
2024-07-11 06:53:00,25.7525
2024-07-11 06:54:00,25.6700
2024-07-11 06:55:00,25.4950
2024-07-11 06:56:00,25.4725
2024-07-11 06:57:00,25.4850
2024-07-11 06:58:00,25.4200
2024-07-11 06:59:00,25.3850
2024-07-11 07:00:00,25.2175
2024-07-11 07:01:00,24.8925
2024-07-11 07:02:00,24.5950
2024-07-11 07:03:00,24.2950
2024-07-11 07:04:00,24.0925
2024-07-11 07:05:00,23.9500
2024-07-11 07:06:00,23.8150
2024-07-11 07:07:00,23.7300
2024-07-11 07:08:00,23.6375
2024-07-11 07:09:00,24.6350
2024-07-11 07:10:00,24.8325
2024-07-11 07:11:00,24.5825
2024-07-11 07:12:00,24.3500
2024-07-11 07:13:00,24.1900
2024-07-11 07:14:00,24.0625
2024-07-11 07:15:00,23.9575
2024-07-11 07:16:00,23.8600
2024-07-11 07:17:00,23.8025
2024-07-11 07:18:00,23.7525
2024-07-11 07:19:00,23.7125
2024-07-11 07:20:00,23.6750
2024-07-11 07:21:00,23.6425
2024-07-11 07:22:00,23.6325
2024-07-11 07:23:00,23.5975
2024-07-11 07:24:00,23.5800
2024-07-11 07:25:00,23.5425
2024-07-11 07:26:00,23.5200
2024-07-11 07:27:00,23.5050
2024-07-11 07:28:00,23.5100
2024-07-11 07:29:00,23.4750
2024-07-11 07:30:00,23.4750
2024-07-11 07:31:00,23.4450
2024-07-11 07:32:00,23.4325
2024-07-11 07:33:00,23.4425
2024-07-11 07:34:00,23.4225
2024-07-11 07:35:00,23.4075
2024-07-11 07:36:00,23.4175
2024-07-11 07:37:00,23.3875
2024-07-11 07:38:00,23.3800
2024-07-11 07:39:00,23.3500
2024-07-11 07:40:00,23.3600
2024-07-11 07:41:00,23.3450
2024-07-11 07:42:00,23.3550
2024-07-11 07:43:00,23.3525
2024-07-11 07:44:00,23.3450
2024-07-11 07:45:00,23.3225
2024-07-11 07:46:00,23.3275
2024-07-11 07:47:00,23.3025
2024-07-11 07:48:00,23.3325
2024-07-11 07:49:00,23.3250
2024-07-11 07:50:00,23.3200
2024-07-11 07:51:00,23.3025
2024-07-11 07:52:00,23.3200
2024-07-11 07:53:00,23.3300
2024-07-11 07:54:00,23.3100
2024-07-11 07:55:00,23.2975
2024-07-11 07:56:00,23.2825
2024-07-11 07:57:00,23.3225
2024-07-11 07:58:00,23.3050
2024-07-11 07:59:00,23.3125
2024-07-11 08:00:00,23.3125
2024-07-11 08:01:00,23.3175
2024-07-11 08:02:00,23.2975
2024-07-11 08:03:00,23.3000
2024-07-11 08:04:00,23.3125
2024-07-11 08:05:00,23.3125
2024-07-11 08:06:00,23.3075
2024-07-11 08:07:00,23.3125
2024-07-11 08:08:00,23.3025
2024-07-11 08:09:00,23.3100
2024-07-11 08:10:00,23.3250
2024-07-11 08:11:00,23.3125
2024-07-11 08:12:00,23.3300
2024-07-11 08:13:00,23.3150
2024-07-11 08:14:00,23.3300
2024-07-11 08:15:00,23.3275
2024-07-11 08:16:00,23.3100
2024-07-11 08:17:00,23.3125
2024-07-11 08:18:00,23.3300
2024-07-11 08:19:00,23.3400
2024-07-11 08:20:00,23.3400
2024-07-11 08:21:00,23.3275
2024-07-11 08:22:00,23.3600
2024-07-11 08:23:00,23.3425
2024-07-11 08:24:00,23.3500
2024-07-11 08:25:00,23.3450
2024-07-11 08:26:00,23.3500
2024-07-11 08:27:00,23.3650
2024-07-11 08:28:00,23.3650
2024-07-11 08:29:00,23.3750
2024-07-11 08:30:00,23.3525
2024-07-11 08:31:00,23.3775
2024-07-11 08:32:00,23.3800
2024-07-11 08:33:00,23.3750
2024-07-11 08:34:00,23.4100
2024-07-11 08:35:00,23.3775
2024-07-11 08:36:00,23.3900
2024-07-11 08:37:00,23.4150
2024-07-11 08:38:00,23.3850
2024-07-11 08:39:00,23.4200
2024-07-11 08:40:00,23.4200
2024-07-11 08:41:00,23.4200
2024-07-11 08:42:00,23.4250
2024-07-11 08:43:00,23.4275
2024-07-11 08:44:00,23.4500
2024-07-11 08:45:00,23.4575
2024-07-11 08:46:00,23.4675
2024-07-11 08:47:00,23.4675
2024-07-11 08:48:00,23.4450
2024-07-11 08:49:00,23.4600
2024-07-11 08:50:00,23.4700
2024-07-11 08:51:00,23.4775
2024-07-11 08:52:00,23.4850
2024-07-11 08:53:00,23.4975
2024-07-11 08:54:00,23.5025
2024-07-11 08:55:00,23.5100
2024-07-11 08:56:00,23.4975
2024-07-11 08:57:00,23.5050
2024-07-11 08:58:00,23.5075
2024-07-11 08:59:00,23.5150
2024-07-11 09:00:00,23.5200
2024-07-11 09:01:00,23.5200
2024-07-11 09:02:00,23.5425
2024-07-11 09:03:00,23.5500
2024-07-11 09:04:00,23.5675
2024-07-11 09:05:00,23.5675
2024-07-11 09:06:00,23.5575
2024-07-11 09:07:00,23.5525
2024-07-11 09:08:00,23.5475
2024-07-11 09:09:00,23.5600
2024-07-11 09:10:00,23.5775
2024-07-11 09:11:00,23.6050
2024-07-11 09:12:00,23.6150
2024-07-11 09:13:00,23.6250
2024-07-11 09:14:00,23.6450
2024-07-11 09:15:00,23.6550
2024-07-11 09:16:00,23.6725
2024-07-11 09:17:00,23.6800
2024-07-11 09:18:00,23.7100
2024-07-11 09:19:00,23.7125
2024-07-11 09:20:00,23.7400
2024-07-11 09:21:00,23.7225
2024-07-11 09:22:00,23.7450
2024-07-11 09:23:00,23.7625
2024-07-11 09:24:00,23.7400
2024-07-11 09:25:00,23.7725
2024-07-11 09:26:00,23.7550
2024-07-11 09:27:00,23.7825
2024-07-11 09:28:00,23.7600
2024-07-11 09:29:00,23.7750
2024-07-11 09:30:00,23.7950
2024-07-11 09:31:00,23.7825
2024-07-11 09:32:00,23.8000
2024-07-11 09:33:00,23.7900
2024-07-11 09:34:00,23.8000
2024-07-11 09:35:00,23.8250
2024-07-11 09:36:00,23.8275
2024-07-11 09:37:00,23.8150
2024-07-11 09:38:00,23.8325
2024-07-11 09:39:00,23.8475
2024-07-11 09:40:00,23.8200
2024-07-11 09:41:00,23.8350
2024-07-11 09:42:00,23.8350
2024-07-11 09:43:00,23.8600
2024-07-11 09:44:00,23.8725
2024-07-11 09:45:00,23.8725
2024-07-11 09:46:00,23.8575
2024-07-11 09:47:00,23.8575
2024-07-11 09:48:00,23.9050
2024-07-11 09:49:00,23.8875
2024-07-11 09:50:00,23.9025
2024-07-11 09:51:00,23.8900
2024-07-11 09:52:00,23.9075
2024-07-11 09:53:00,23.9075
2024-07-11 09:54:00,23.9175
2024-07-11 09:55:00,23.9275
2024-07-11 09:56:00,23.9300
2024-07-11 09:57:00,23.9525
2024-07-11 09:58:00,23.9550
2024-07-11 09:59:00,23.9525
2024-07-11 10:00:00,23.9900
2024-07-11 10:01:00,23.9750
2024-07-11 10:02:00,23.9575
2024-07-11 10:03:00,23.9675
2024-07-11 10:04:00,23.9750
2024-07-11 10:05:00,23.9950
2024-07-11 10:06:00,24.0075
2024-07-11 10:07:00,23.9900
2024-07-11 10:08:00,24.0225
2024-07-11 10:09:00,24.0100
2024-07-11 10:10:00,24.0300
2024-07-11 10:11:00,24.0225
2024-07-11 10:12:00,24.0425
2024-07-11 10:13:00,24.0475
2024-07-11 10:14:00,24.0350
2024-07-11 10:15:00,24.0275
2024-07-11 10:16:00,24.0625
2024-07-11 10:17:00,24.0600
2024-07-11 10:18:00,24.0725
2024-07-11 10:19:00,24.0650
2024-07-11 10:20:00,24.0650
2024-07-11 10:21:00,24.0700
2024-07-11 10:22:00,24.0925
2024-07-11 10:23:00,24.1100
2024-07-11 10:24:00,24.1025
2024-07-11 10:25:00,24.1125
2024-07-11 10:26:00,24.0925
2024-07-11 10:27:00,24.0925
2024-07-11 10:28:00,24.1200
2024-07-11 10:29:00,24.1325
2024-07-11 10:30:00,24.1525
2024-07-11 10:31:00,24.1300
2024-07-11 10:32:00,24.1525
2024-07-11 10:33:00,24.1475
2024-07-11 10:34:00,24.1750
2024-07-11 10:35:00,24.1675
2024-07-11 10:36:00,24.1600
2024-07-11 10:37:00,24.1775
2024-07-11 10:38:00,24.1750
2024-07-11 10:39:00,24.1825
2024-07-11 10:40:00,24.1875
2024-07-11 10:41:00,24.1875
2024-07-11 10:42:00,24.2000
2024-07-11 10:43:00,24.2075
2024-07-11 10:44:00,24.2150
2024-07-11 10:45:00,24.2150
2024-07-11 10:46:00,24.2050
2024-07-11 10:47:00,24.2250
2024-07-11 10:48:00,24.2425
2024-07-11 10:49:00,24.2500
2024-07-11 10:50:00,24.2450
2024-07-11 10:51:00,24.2525
2024-07-11 10:52:00,24.2700
2024-07-11 10:53:00,24.2550
2024-07-11 10:54:00,24.2700
2024-07-11 10:55:00,24.2900
2024-07-11 10:56:00,24.2925
2024-07-11 10:57:00,24.2850
2024-07-11 10:58:00,24.2825
2024-07-11 10:59:00,24.2675
2024-07-11 11:00:00,24.3175
2024-07-11 11:01:00,24.3100
2024-07-11 11:02:00,24.3000
2024-07-11 11:03:00,24.3250
2024-07-11 11:04:00,24.3325
2024-07-11 11:05:00,24.3275
2024-07-11 11:06:00,24.3325
2024-07-11 11:07:00,24.3425
2024-07-11 11:08:00,24.3600
2024-07-11 11:09:00,24.3500
2024-07-11 11:10:00,24.3675
2024-07-11 11:11:00,24.3750
2024-07-11 11:12:00,24.3625
2024-07-11 11:13:00,24.3825
2024-07-11 11:14:00,24.4000
2024-07-11 11:15:00,24.3850
2024-07-11 11:16:00,24.4000
2024-07-11 11:17:00,24.3850
2024-07-11 11:18:00,24.4200
2024-07-11 11:19:00,24.4025
2024-07-11 11:20:00,24.4225
2024-07-11 11:21:00,24.4225
2024-07-11 11:22:00,24.4075
2024-07-11 11:23:00,24.4250
2024-07-11 11:24:00,24.4450
2024-07-11 11:25:00,24.4725
2024-07-11 11:26:00,24.4550
2024-07-11 11:27:00,24.4825
2024-07-11 11:28:00,24.4975
2024-07-11 11:29:00,24.4850
2024-07-11 11:30:00,24.5000
2024-07-11 11:31:00,24.4975
2024-07-11 11:32:00,24.4900
2024-07-11 11:33:00,24.5000
2024-07-11 11:34:00,24.5125
2024-07-11 11:35:00,24.5200
2024-07-11 11:36:00,24.5325
2024-07-11 11:37:00,24.5350
2024-07-11 11:38:00,24.5600
2024-07-11 11:39:00,24.5400
2024-07-11 11:40:00,24.5450
2024-07-11 11:41:00,24.5675
2024-07-11 11:42:00,24.5675
2024-07-11 11:43:00,24.5850
2024-07-11 11:44:00,24.5775
2024-07-11 11:45:00,24.6000
2024-07-11 11:46:00,24.6050
2024-07-11 11:47:00,24.6000
2024-07-11 11:48:00,24.6100
2024-07-11 11:49:00,24.6075
2024-07-11 11:50:00,24.6350
2024-07-11 11:51:00,24.6325
2024-07-11 11:52:00,24.6300
2024-07-11 11:53:00,24.6500
2024-07-11 11:54:00,24.6300
2024-07-11 11:55:00,24.6475
2024-07-11 11:56:00,24.6725
2024-07-11 11:57:00,24.6700
2024-07-11 11:58:00,24.6925
2024-07-11 11:59:00,24.6625
2024-07-11 12:00:00,24.6900
2024-07-11 12:01:00,24.7225
2024-07-11 12:02:00,24.7000
2024-07-11 12:03:00,24.7150
2024-07-11 12:04:00,24.7125
2024-07-11 12:05:00,24.7225
2024-07-11 12:06:00,24.7500
2024-07-11 12:07:00,24.7425
2024-07-11 12:08:00,24.7425
2024-07-11 12:09:00,24.7300
2024-07-11 12:10:00,24.7525
2024-07-11 12:11:00,24.7550
2024-07-11 12:12:00,24.7900
2024-07-11 12:13:00,24.7825
2024-07-11 12:14:00,24.7900
2024-07-11 12:15:00,24.7875
2024-07-11 12:16:00,24.8050
2024-07-11 12:17:00,24.8075
2024-07-11 12:18:00,24.8100
2024-07-11 12:19:00,24.8300
2024-07-11 12:20:00,24.8300
2024-07-11 12:21:00,24.8300
2024-07-11 12:22:00,24.8550
2024-07-11 12:23:00,24.8525
2024-07-11 12:24:00,24.8500
2024-07-11 12:25:00,24.8400
2024-07-11 12:26:00,24.8450
2024-07-11 12:27:00,24.8825
2024-07-11 12:28:00,24.8675
2024-07-11 12:29:00,24.9075
2024-07-11 12:30:00,24.8900
2024-07-11 12:31:00,24.9150
2024-07-11 12:32:00,24.9000
2024-07-11 12:33:00,24.9175
2024-07-11 12:34:00,24.9175
2024-07-11 12:35:00,24.9100
2024-07-11 12:36:00,24.9600
2024-07-11 12:37:00,24.9675
2024-07-11 12:38:00,24.9825
2024-07-11 12:39:00,24.9425
2024-07-11 12:40:00,24.9675
2024-07-11 12:41:00,24.9675
2024-07-11 12:42:00,24.9775
2024-07-11 12:43:00,24.9975
2024-07-11 12:44:00,25.0000
2024-07-11 12:45:00,24.9950
2024-07-11 12:46:00,25.0275
2024-07-11 12:47:00,25.0150
2024-07-11 12:48:00,25.0425
2024-07-11 12:49:00,25.0450
2024-07-11 12:50:00,25.0350
2024-07-11 12:51:00,25.0525
2024-07-11 12:52:00,25.0625
2024-07-11 12:53:00,25.0625
2024-07-11 12:54:00,25.0825
2024-07-11 12:55:00,25.0750
2024-07-11 12:56:00,25.1050
2024-07-11 12:57:00,25.1175
2024-07-11 12:58:00,25.1000
2024-07-11 12:59:00,25.1325
2024-07-11 13:00:00,25.1325
2024-07-11 13:01:00,25.1450
2024-07-11 13:02:00,25.1700
2024-07-11 13:03:00,25.1900
2024-07-11 13:04:00,25.1875
2024-07-11 13:05:00,25.1975
2024-07-11 13:06:00,25.2125
2024-07-11 13:07:00,25.2125
2024-07-11 13:08:00,25.2250
2024-07-11 13:09:00,25.2425
2024-07-11 13:10:00,25.2375
2024-07-11 13:11:00,25.2300
2024-07-11 13:12:00,25.2700
2024-07-11 13:13:00,25.2650
2024-07-11 13:14:00,25.2650
2024-07-11 13:15:00,25.2625
2024-07-11 13:16:00,25.2750
2024-07-11 13:17:00,25.2925
2024-07-11 13:18:00,25.2975
2024-07-11 13:19:00,25.3100
2024-07-11 13:20:00,25.3000
2024-07-11 13:21:00,25.3100
2024-07-11 13:22:00,25.3475
2024-07-11 13:23:00,25.3400
2024-07-11 13:24:00,25.3475
2024-07-11 13:25:00,25.3575
2024-07-11 13:26:00,25.3475
2024-07-11 13:27:00,25.3575
2024-07-11 13:28:00,25.3850
2024-07-11 13:29:00,25.3775
2024-07-11 13:30:00,25.4025
2024-07-11 13:31:00,25.4050
2024-07-11 13:32:00,25.4400
2024-07-11 13:33:00,25.4250
2024-07-11 13:34:00,25.4400
2024-07-11 13:35:00,25.4375
2024-07-11 13:36:00,25.4400
2024-07-11 13:37:00,25.4425
2024-07-11 13:38:00,25.4675
2024-07-11 13:39:00,25.4650
2024-07-11 13:40:00,25.4475
2024-07-11 13:41:00,25.4925
2024-07-11 13:42:00,25.5025
2024-07-11 13:43:00,25.5050
2024-07-11 13:44:00,25.5125
2024-07-11 13:45:00,25.5125
2024-07-11 13:46:00,25.5400
2024-07-11 13:47:00,25.5350
2024-07-11 13:48:00,25.5500
2024-07-11 13:49:00,25.5425
2024-07-11 13:50:00,25.5575
2024-07-11 13:51:00,25.5725
2024-07-11 13:52:00,25.5575
2024-07-11 13:53:00,25.5800
2024-07-11 13:54:00,25.5900
2024-07-11 13:55:00,25.6025
2024-07-11 13:56:00,25.6275
2024-07-11 13:57:00,25.6250
2024-07-11 13:58:00,25.6225
2024-07-11 13:59:00,25.6300
2024-07-11 14:00:00,25.6450
2024-07-11 14:01:00,25.6400
2024-07-11 14:02:00,25.6450
2024-07-11 14:03:00,25.6600
2024-07-11 14:04:00,25.6825
2024-07-11 14:05:00,25.6900
2024-07-11 14:06:00,25.6450
2024-07-11 14:07:00,25.6900
2024-07-11 14:08:00,25.7050
2024-07-11 14:09:00,25.7175
2024-07-11 14:10:00,25.7300
2024-07-11 14:11:00,25.7375
2024-07-11 14:12:00,25.7450
2024-07-11 14:13:00,25.7450
2024-07-11 14:14:00,25.7550
2024-07-11 14:15:00,25.7800
2024-07-11 14:16:00,25.7600
2024-07-11 14:17:00,25.7800
2024-07-11 14:18:00,25.8100
2024-07-11 14:19:00,25.7850
2024-07-11 14:20:00,25.8125
2024-07-11 14:21:00,25.8225
2024-07-11 14:22:00,25.8175
2024-07-11 14:23:00,25.8475
2024-07-11 14:24:00,25.8650
2024-07-11 14:25:00,25.8600
2024-07-11 14:26:00,25.8600
2024-07-11 14:27:00,25.8500
2024-07-11 14:28:00,25.8800
2024-07-11 14:29:00,25.8900
2024-07-11 14:30:00,25.9225
2024-07-11 14:31:00,25.9125
2024-07-11 14:32:00,25.9100
2024-07-11 14:33:00,25.9275
2024-07-11 14:34:00,25.9425
2024-07-11 14:35:00,25.9400
2024-07-11 14:36:00,25.9475
2024-07-11 14:37:00,25.9400
2024-07-11 14:38:00,25.9750
2024-07-11 14:39:00,25.9550
2024-07-11 14:40:00,26.0100
2024-07-11 14:41:00,25.9825
2024-07-11 14:42:00,25.9975
2024-07-11 14:43:00,26.0175
2024-07-11 14:44:00,26.0250
2024-07-11 14:45:00,26.0250
2024-07-11 14:46:00,26.0250
2024-07-11 14:47:00,26.0475
2024-07-11 14:48:00,26.0475
2024-07-11 14:49:00,26.0650
2024-07-11 14:50:00,26.0450
2024-07-11 14:51:00,26.0625
2024-07-11 14:52:00,26.0925
2024-07-11 14:53:00,26.1075
2024-07-11 14:54:00,26.1300
2024-07-11 14:55:00,26.1000
2024-07-11 14:56:00,26.1200
2024-07-11 14:57:00,26.1100
2024-07-11 14:58:00,26.1500
2024-07-11 14:59:00,26.1325
2024-07-11 15:00:00,26.1475
2024-07-11 15:01:00,26.1750
2024-07-11 15:02:00,26.1900
2024-07-11 15:03:00,26.1550
2024-07-11 15:04:00,26.1750
2024-07-11 15:05:00,26.1975
2024-07-11 15:06:00,26.1975
2024-07-11 15:07:00,26.2025
2024-07-11 15:08:00,26.2175
2024-07-11 15:09:00,26.2150
2024-07-11 15:10:00,26.2250
2024-07-11 15:11:00,26.2500
2024-07-11 15:12:00,26.2300
2024-07-11 15:13:00,26.2675
2024-07-11 15:14:00,26.2850
2024-07-11 15:15:00,26.2775
2024-07-11 15:16:00,26.2800
2024-07-11 15:17:00,26.2975
2024-07-11 15:18:00,26.2900
2024-07-11 15:19:00,26.3025
2024-07-11 15:20:00,26.3200
2024-07-11 15:21:00,26.3150
2024-07-11 15:22:00,26.3350
2024-07-11 15:23:00,26.3550
2024-07-11 15:24:00,26.3675
2024-07-11 15:25:00,26.3500
2024-07-11 15:26:00,26.3625
2024-07-11 15:27:00,26.3825
2024-07-11 15:28:00,26.3950
2024-07-11 15:29:00,26.3800
2024-07-11 15:30:00,26.4075
2024-07-11 15:31:00,26.4150
2024-07-11 15:32:00,26.4275
2024-07-11 15:33:00,26.4400
2024-07-11 15:34:00,26.4450
2024-07-11 15:35:00,26.4425
2024-07-11 15:36:00,26.4550
2024-07-11 15:37:00,26.4525
2024-07-11 15:38:00,26.4600
2024-07-11 15:39:00,26.4800
2024-07-11 15:40:00,26.5050
2024-07-11 15:41:00,26.5050
2024-07-11 15:42:00,26.5125
2024-07-11 15:43:00,26.5150
2024-07-11 15:44:00,26.5175
2024-07-11 15:45:00,26.5225
2024-07-11 15:46:00,26.5325
2024-07-11 15:47:00,26.5275
2024-07-11 15:48:00,26.5375
2024-07-11 15:49:00,26.5725
2024-07-11 15:50:00,26.5825
2024-07-11 15:51:00,26.5800
2024-07-11 15:52:00,26.6100
2024-07-11 15:53:00,26.6200
2024-07-11 15:54:00,26.6000
2024-07-11 15:55:00,26.6350
2024-07-11 15:56:00,26.6200
2024-07-11 15:57:00,26.6450
2024-07-11 15:58:00,26.6250
2024-07-11 15:59:00,26.6450
2024-07-11 16:00:00,26.6725
2024-07-11 16:01:00,26.6600
2024-07-11 16:02:00,26.6825
2024-07-11 16:03:00,26.7000
2024-07-11 16:04:00,26.6975
2024-07-11 16:05:00,26.7100
2024-07-11 16:06:00,26.6975
2024-07-11 16:07:00,26.7100
2024-07-11 16:08:00,26.7400
2024-07-11 16:09:00,26.7275
2024-07-11 16:10:00,26.7425
2024-07-11 16:11:00,26.7350
2024-07-11 16:12:00,26.7650
2024-07-11 16:13:00,26.7600
2024-07-11 16:14:00,26.7750
2024-07-11 16:15:00,26.7850
2024-07-11 16:16:00,26.7975
2024-07-11 16:17:00,26.8050
2024-07-11 16:18:00,26.8250
2024-07-11 16:19:00,26.8475
2024-07-11 16:20:00,26.8575
2024-07-11 16:21:00,26.8750
2024-07-11 16:22:00,26.8800
2024-07-11 16:23:00,26.8925
2024-07-11 16:24:00,26.8850
2024-07-11 16:25:00,26.9075
2024-07-11 16:26:00,26.9275
2024-07-11 16:27:00,26.9175
2024-07-11 16:28:00,26.9225
2024-07-11 16:29:00,26.9250
2024-07-11 16:30:00,26.9725
2024-07-11 16:31:00,26.9550
2024-07-11 16:32:00,26.9525
2024-07-11 16:33:00,26.9775
2024-07-11 16:34:00,26.9850
2024-07-11 16:35:00,26.9975
2024-07-11 16:36:00,26.9775
2024-07-11 16:37:00,27.0025
2024-07-11 16:38:00,27.0000
2024-07-11 16:39:00,27.0450
2024-07-11 16:40:00,27.0025
2024-07-11 16:41:00,27.0350
2024-07-11 16:42:00,27.0350
2024-07-11 16:43:00,27.0375
2024-07-11 16:44:00,27.0775
2024-07-11 16:45:00,27.0775
2024-07-11 16:46:00,27.1050
2024-07-11 16:47:00,27.0875
2024-07-11 16:48:00,27.1100
2024-07-11 16:49:00,27.1275
2024-07-11 16:50:00,27.1175
2024-07-11 16:51:00,27.1250
2024-07-11 16:52:00,27.1450
2024-07-11 16:53:00,27.1975
2024-07-11 16:54:00,27.1550
2024-07-11 16:55:00,27.1800
2024-07-11 16:56:00,27.1825
2024-07-11 16:57:00,27.1725
2024-07-11 16:58:00,27.2025
2024-07-11 16:59:00,27.2175
2024-07-11 17:00:00,27.2325
2024-07-11 17:01:00,27.2325
2024-07-11 17:02:00,27.2325
2024-07-11 17:03:00,27.2575
2024-07-11 17:04:00,27.2975
2024-07-11 17:05:00,27.3400
2024-07-11 17:06:00,27.3550
2024-07-11 17:07:00,27.3550
2024-07-11 17:08:00,27.3450
2024-07-11 17:09:00,27.3200
2024-07-11 17:10:00,27.2775
2024-07-11 17:11:00,27.2550
2024-07-11 17:12:00,27.2350
2024-07-11 17:13:00,27.2125
2024-07-11 17:14:00,27.1700
2024-07-11 17:15:00,27.1425
2024-07-11 17:16:00,27.1125
2024-07-11 17:17:00,27.0675
2024-07-11 17:18:00,27.0600
2024-07-11 17:19:00,27.0125
2024-07-11 17:20:00,26.9875
2024-07-11 17:21:00,26.9650
2024-07-11 17:22:00,26.9500
2024-07-11 17:23:00,26.9725
2024-07-11 17:24:00,26.9750
2024-07-11 17:25:00,26.9750
2024-07-11 17:26:00,26.9975
2024-07-11 17:27:00,27.0250
2024-07-11 17:28:00,27.0125
2024-07-11 17:29:00,27.0375
2024-07-11 17:30:00,27.0375
2024-07-11 17:31:00,27.0500
2024-07-11 17:32:00,27.0700
2024-07-11 17:33:00,27.0650
2024-07-11 17:34:00,27.0600
2024-07-11 17:35:00,27.0775
2024-07-11 17:36:00,27.1025
2024-07-11 17:37:00,27.1150
2024-07-11 17:38:00,27.1275
2024-07-11 17:39:00,27.1525
2024-07-11 17:40:00,27.1300
2024-07-11 17:41:00,27.1625
2024-07-11 17:42:00,27.1250
2024-07-11 17:43:00,27.1600
2024-07-11 17:44:00,27.1800
2024-07-11 17:45:00,27.1725
2024-07-11 17:46:00,27.1950
2024-07-11 17:47:00,27.2050
2024-07-11 17:48:00,27.1950
2024-07-11 17:49:00,27.2300
2024-07-11 17:50:00,27.2200
2024-07-11 17:51:00,27.2425
2024-07-11 17:52:00,27.2250
2024-07-11 17:53:00,27.2350
2024-07-11 17:54:00,27.2500
2024-07-11 17:55:00,27.2550
2024-07-11 17:56:00,27.2725
2024-07-11 17:57:00,27.2425
2024-07-11 17:58:00,27.2875
2024-07-11 17:59:00,27.2900
2024-07-11 18:00:00,27.2975
2024-07-11 18:01:00,27.2975
2024-07-11 18:02:00,27.3175
2024-07-11 18:03:00,27.3150
2024-07-11 18:04:00,27.3450
2024-07-11 18:05:00,27.3450
2024-07-11 18:06:00,27.3350
2024-07-11 18:07:00,27.3650
2024-07-11 18:08:00,27.3650
2024-07-11 18:09:00,27.3850
2024-07-11 18:10:00,27.3850
2024-07-11 18:11:00,27.4075
2024-07-11 18:12:00,27.3950
2024-07-11 18:13:00,27.4000
2024-07-11 18:14:00,27.4225
2024-07-11 18:15:00,27.4300
2024-07-11 18:16:00,27.4475
2024-07-11 18:17:00,27.4350
2024-07-11 18:18:00,27.4475
2024-07-11 18:19:00,27.4525
2024-07-11 18:20:00,27.4575
2024-07-11 18:21:00,27.4725
2024-07-11 18:22:00,27.5000
2024-07-11 18:23:00,27.5025
2024-07-11 18:24:00,27.5200
2024-07-11 18:25:00,27.5200
2024-07-11 18:26:00,27.5250
2024-07-11 18:27:00,27.5375
2024-07-11 18:28:00,27.5325
2024-07-11 18:29:00,27.5400
2024-07-11 18:30:00,27.5450
2024-07-11 18:31:00,27.5475
2024-07-11 18:32:00,27.5775
2024-07-11 18:33:00,27.5550
2024-07-11 18:34:00,27.5775
2024-07-11 18:35:00,27.5700
2024-07-11 18:36:00,27.5775
2024-07-11 18:37:00,27.6125
2024-07-11 18:38:00,27.6250
2024-07-11 18:39:00,27.6050
2024-07-11 18:40:00,27.6325
2024-07-11 18:41:00,27.6225
2024-07-11 18:42:00,27.6325
2024-07-11 18:43:00,27.6525
2024-07-11 18:44:00,27.6500
2024-07-11 18:45:00,27.6650
2024-07-11 18:46:00,27.6500
2024-07-11 18:47:00,27.6750
2024-07-11 18:48:00,27.6975
2024-07-11 18:49:00,27.7100
2024-07-11 18:50:00,27.7200
2024-07-11 18:51:00,27.7350
2024-07-11 18:52:00,27.7425
2024-07-11 18:53:00,27.7150
2024-07-11 18:54:00,27.6950
2024-07-11 18:55:00,27.6500
2024-07-11 18:56:00,27.6400
2024-07-11 18:57:00,27.6000
2024-07-11 18:58:00,27.5500
2024-07-11 18:59:00,27.5200
2024-07-11 19:00:00,27.4825
2024-07-11 19:01:00,27.4625
2024-07-11 19:02:00,27.4075
2024-07-11 19:03:00,27.3525
2024-07-11 19:04:00,27.3350
2024-07-11 19:05:00,27.5100
2024-07-11 19:06:00,27.6750
2024-07-11 19:07:00,27.9375
2024-07-11 19:08:00,28.1125
2024-07-11 19:09:00,28.2700
2024-07-11 19:10:00,28.3250
2024-07-11 19:11:00,28.3750
2024-07-11 19:12:00,28.4150
2024-07-11 19:13:00,28.4525
2024-07-11 19:14:00,28.4800
2024-07-11 19:15:00,28.4975
2024-07-11 19:16:00,28.5000
2024-07-11 19:17:00,28.5150
2024-07-11 19:18:00,28.5275
2024-07-11 19:19:00,28.5350
2024-07-11 19:20:00,28.5250
2024-07-11 19:21:00,28.5625
2024-07-11 19:22:00,28.5150
2024-07-11 19:23:00,28.5325
2024-07-11 19:24:00,28.5250
2024-07-11 19:25:00,28.4875
2024-07-11 19:26:00,28.5300
2024-07-11 19:27:00,28.5100
2024-07-11 19:28:00,28.4875
2024-07-11 19:29:00,28.4900
2024-07-11 19:30:00,28.4900
2024-07-11 19:31:00,28.4775
2024-07-11 19:32:00,28.4375
2024-07-11 19:33:00,28.4250
2024-07-11 19:34:00,28.4250
2024-07-11 19:35:00,28.4075
2024-07-11 19:36:00,28.3875
2024-07-11 19:37:00,28.4025
2024-07-11 19:38:00,28.3675
2024-07-11 19:39:00,28.3600
2024-07-11 19:40:00,28.3425
2024-07-11 19:41:00,28.3225
2024-07-11 19:42:00,28.2950
2024-07-11 19:43:00,28.2775
2024-07-11 19:44:00,28.2575
2024-07-11 19:45:00,28.2525
2024-07-11 19:46:00,28.2475
2024-07-11 19:47:00,28.2150
2024-07-11 19:48:00,28.2150
2024-07-11 19:49:00,28.1800
2024-07-11 19:50:00,28.1600
2024-07-11 19:51:00,28.1500
2024-07-11 19:52:00,28.1600
2024-07-11 19:53:00,28.1100
2024-07-11 19:54:00,28.1000
2024-07-11 19:55:00,28.0750
2024-07-11 19:56:00,28.0575
2024-07-11 19:57:00,28.0550
2024-07-11 19:58:00,28.0475
2024-07-11 19:59:00,28.0175
2024-07-11 20:00:00,28.0400
2024-07-11 20:01:00,28.0550
2024-07-11 20:02:00,28.0550
2024-07-11 20:03:00,28.0725
2024-07-11 20:04:00,28.0825
2024-07-11 20:05:00,28.0925
2024-07-11 20:06:00,28.1075
2024-07-11 20:07:00,28.1200
2024-07-11 20:08:00,28.1125
2024-07-11 20:09:00,28.1275
2024-07-11 20:10:00,28.1425
2024-07-11 20:11:00,28.1450
2024-07-11 20:12:00,28.1600
2024-07-11 20:13:00,28.1650
2024-07-11 20:14:00,28.1975
2024-07-11 20:15:00,28.2050
2024-07-11 20:16:00,28.2075
2024-07-11 20:17:00,28.2150
2024-07-11 20:18:00,28.2500
2024-07-11 20:19:00,28.2475
2024-07-11 20:20:00,28.2375
2024-07-11 20:21:00,28.2475
2024-07-11 20:22:00,28.2675
2024-07-11 20:23:00,28.2875
2024-07-11 20:24:00,28.2850
2024-07-11 20:25:00,28.3000
2024-07-11 20:26:00,28.3175
2024-07-11 20:27:00,28.3225
2024-07-11 20:28:00,28.3325
2024-07-11 20:29:00,28.3350
2024-07-11 20:30:00,28.3525
2024-07-11 20:31:00,28.3650
2024-07-11 20:32:00,28.3725
2024-07-11 20:33:00,28.3575
2024-07-11 20:34:00,28.3400
2024-07-11 20:35:00,28.3175
2024-07-11 20:36:00,28.3150
2024-07-11 20:37:00,28.3100
2024-07-11 20:38:00,28.2500
2024-07-11 20:39:00,28.2425
2024-07-11 20:40:00,28.2475
2024-07-11 20:41:00,28.1775
2024-07-11 20:42:00,28.1925
2024-07-11 20:43:00,28.1375
2024-07-11 20:44:00,28.1125
2024-07-11 20:45:00,28.0925
2024-07-11 20:46:00,28.0500
2024-07-11 20:47:00,28.0325
2024-07-11 20:48:00,28.0175
2024-07-11 20:49:00,27.9875
2024-07-11 20:50:00,27.9625
2024-07-11 20:51:00,27.9525
2024-07-11 20:52:00,27.9550
2024-07-11 20:53:00,27.9550
2024-07-11 20:54:00,27.9500
2024-07-11 20:55:00,27.9475
2024-07-11 20:56:00,27.9450
2024-07-11 20:57:00,27.9425
2024-07-11 20:58:00,27.9675
2024-07-11 20:59:00,27.9525
2024-07-11 21:00:00,27.9650
2024-07-11 21:01:00,27.9850
2024-07-11 21:02:00,27.9575
2024-07-11 21:03:00,27.9925
2024-07-11 21:04:00,27.9700
2024-07-11 21:05:00,28.0075
2024-07-11 21:06:00,28.0075
2024-07-11 21:07:00,28.0175
2024-07-11 21:08:00,28.0175
2024-07-11 21:09:00,28.0300
2024-07-11 21:10:00,28.0350
2024-07-11 21:11:00,28.0450
2024-07-11 21:12:00,28.0475
2024-07-11 21:13:00,28.0675
2024-07-11 21:14:00,28.0850
2024-07-11 21:15:00,28.0700
2024-07-11 21:16:00,28.0850
2024-07-11 21:17:00,28.1075
2024-07-11 21:18:00,28.1375
2024-07-11 21:19:00,28.1200
2024-07-11 21:20:00,28.1200
2024-07-11 21:21:00,28.1450
2024-07-11 21:22:00,28.1450
2024-07-11 21:23:00,28.1600
2024-07-11 21:24:00,28.1350
2024-07-11 21:25:00,28.1300
2024-07-11 21:26:00,28.1200
2024-07-11 21:27:00,28.1350
2024-07-11 21:28:00,28.1075
2024-07-11 21:29:00,28.1225
2024-07-11 21:30:00,28.1275
2024-07-11 21:31:00,28.1300
2024-07-11 21:32:00,28.1275
2024-07-11 21:33:00,28.1275
2024-07-11 21:34:00,28.1275
2024-07-11 21:35:00,28.1450
2024-07-11 21:36:00,28.1475
2024-07-11 21:37:00,28.1075
2024-07-11 21:38:00,28.1375
2024-07-11 21:39:00,28.1350
2024-07-11 21:40:00,28.1450
2024-07-11 21:41:00,28.1400
2024-07-11 21:42:00,28.1500
2024-07-11 21:43:00,28.1225
2024-07-11 21:44:00,28.1450
2024-07-11 21:45:00,28.1350
2024-07-11 21:46:00,28.1350
2024-07-11 21:47:00,28.1450
2024-07-11 21:48:00,28.1450
2024-07-11 21:49:00,28.1650
2024-07-11 21:50:00,28.1650
2024-07-11 21:51:00,28.1625
2024-07-11 21:52:00,28.1600
2024-07-11 21:53:00,28.1850
2024-07-11 21:54:00,28.1750
2024-07-11 21:55:00,28.1775
2024-07-11 21:56:00,28.1650
2024-07-11 21:57:00,28.1675
2024-07-11 21:58:00,28.1700
2024-07-11 21:59:00,28.1575
2024-07-11 22:00:00,28.1725
2024-07-11 22:01:00,28.1825
2024-07-11 22:02:00,28.1775
2024-07-11 22:03:00,28.1750
2024-07-11 22:04:00,28.1725
2024-07-11 22:05:00,28.1775
2024-07-11 22:06:00,28.1875
2024-07-11 22:07:00,28.1875
2024-07-11 22:08:00,28.1925
2024-07-11 22:09:00,28.2025
2024-07-11 22:10:00,28.1900
2024-07-11 22:11:00,28.1825
2024-07-11 22:12:00,28.2025
2024-07-11 22:13:00,28.2225
2024-07-11 22:14:00,28.1975
2024-07-11 22:15:00,28.2100
2024-07-11 22:16:00,28.2075
2024-07-11 22:17:00,28.1875
2024-07-11 22:18:00,28.2075
2024-07-11 22:19:00,28.1875
2024-07-11 22:20:00,28.1775
2024-07-11 22:21:00,28.1875
2024-07-11 22:22:00,28.2050
2024-07-11 22:23:00,28.2025
2024-07-11 22:24:00,28.1625
2024-07-11 22:25:00,28.1825
2024-07-11 22:26:00,28.1825
2024-07-11 22:27:00,28.1725
2024-07-11 22:28:00,28.1575
2024-07-11 22:29:00,28.1700
2024-07-11 22:30:00,28.1525
2024-07-11 22:31:00,28.1350
2024-07-11 22:32:00,28.1475
2024-07-11 22:33:00,28.1525
2024-07-11 22:34:00,28.1475
2024-07-11 22:35:00,28.1350
2024-07-11 22:36:00,28.1700
2024-07-11 22:37:00,28.1575
2024-07-11 22:38:00,28.1700
2024-07-11 22:39:00,28.1450
2024-07-11 22:40:00,28.1675
2024-07-11 22:41:00,28.1500
2024-07-11 22:42:00,28.1675
2024-07-11 22:43:00,28.1600
2024-07-11 22:44:00,28.1575
2024-07-11 22:45:00,28.1500
2024-07-11 22:46:00,28.1575
2024-07-11 22:47:00,28.1350
2024-07-11 22:48:00,28.1625
2024-07-11 22:49:00,28.1425
2024-07-11 22:50:00,28.1475
2024-07-11 22:51:00,28.1400
2024-07-11 22:52:00,28.1425
2024-07-11 22:53:00,28.1600
2024-07-11 22:54:00,28.1325
2024-07-11 22:55:00,28.1350
2024-07-11 22:56:00,28.1325
2024-07-11 22:57:00,28.1250
2024-07-11 22:58:00,28.1275
2024-07-11 22:59:00,28.1075
2024-07-11 23:00:00,28.1025
2024-07-11 23:01:00,28.0975
2024-07-11 23:02:00,28.0925
2024-07-11 23:03:00,28.1175
2024-07-11 23:04:00,28.1025
2024-07-11 23:05:00,28.0925
2024-07-11 23:06:00,28.0750
2024-07-11 23:07:00,28.0925
2024-07-11 23:08:00,28.0750
2024-07-11 23:09:00,28.0900
2024-07-11 23:10:00,28.0800
2024-07-11 23:11:00,28.0450
2024-07-11 23:12:00,28.0475
2024-07-11 23:13:00,28.0300
2024-07-11 23:14:00,27.9925
2024-07-11 23:15:00,28.0125
2024-07-11 23:16:00,28.0150
2024-07-11 23:17:00,28.0175
2024-07-11 23:18:00,28.0150
2024-07-11 23:19:00,27.9900
2024-07-11 23:20:00,27.9900
2024-07-11 23:21:00,27.9750
2024-07-11 23:22:00,27.9800
2024-07-11 23:23:00,27.9925
2024-07-11 23:24:00,27.9800
2024-07-11 23:25:00,27.9750
2024-07-11 23:26:00,27.9650
2024-07-11 23:27:00,27.9900
2024-07-11 23:28:00,27.9650
2024-07-11 23:29:00,27.9550
2024-07-11 23:30:00,27.9675
2024-07-11 23:31:00,27.9325
2024-07-11 23:32:00,27.9550
2024-07-11 23:33:00,27.9175
2024-07-11 23:34:00,27.9300
2024-07-11 23:35:00,27.9375
2024-07-11 23:36:00,27.9075
2024-07-11 23:37:00,27.9150
2024-07-11 23:38:00,27.9025
2024-07-11 23:39:00,27.9150
2024-07-11 23:40:00,27.8950
2024-07-11 23:41:00,27.8900
2024-07-11 23:42:00,27.8850
2024-07-11 23:43:00,27.9025
2024-07-11 23:44:00,27.9000
2024-07-11 23:45:00,27.8675
2024-07-11 23:46:00,27.8900
2024-07-11 23:47:00,27.8775
2024-07-11 23:48:00,27.8675
2024-07-11 23:49:00,27.8825
2024-07-11 23:50:00,27.8825
2024-07-11 23:51:00,27.8725
2024-07-11 23:52:00,27.8500
2024-07-11 23:53:00,27.8550
2024-07-11 23:54:00,27.8600
2024-07-11 23:55:00,27.8350
2024-07-11 23:56:00,27.8225
2024-07-11 23:57:00,27.8100
2024-07-11 23:58:00,27.8075
2024-07-11 23:59:00,27.8050
2024-07-12 00:00:00,27.7600
2024-07-12 00:01:00,27.7825
2024-07-12 00:02:00,27.7775
2024-07-12 00:03:00,27.7475
2024-07-12 00:04:00,27.7600
2024-07-12 00:05:00,27.7550
2024-07-12 00:06:00,27.7400
2024-07-12 00:07:00,27.7450
2024-07-12 00:08:00,27.7300
2024-07-12 00:09:00,27.7150
2024-07-12 00:10:00,27.7100
2024-07-12 00:11:00,27.7125
2024-07-12 00:12:00,27.7050
2024-07-12 00:13:00,27.6825
2024-07-12 00:14:00,27.7000
2024-07-12 00:15:00,27.6700
2024-07-12 00:16:00,27.6575
2024-07-12 00:17:00,27.6550
2024-07-12 00:18:00,27.6625
2024-07-12 00:19:00,27.6500
2024-07-12 00:20:00,27.6225
2024-07-12 00:21:00,27.6275
2024-07-12 00:22:00,27.5850
2024-07-12 00:23:00,27.5875
2024-07-12 00:24:00,27.5800
2024-07-12 00:25:00,27.5900
2024-07-12 00:26:00,27.5950
2024-07-12 00:27:00,27.5750
2024-07-12 00:28:00,27.5625
2024-07-12 00:29:00,27.5500
2024-07-12 00:30:00,27.5600
2024-07-12 00:31:00,27.5425
2024-07-12 00:32:00,27.5125
2024-07-12 00:33:00,27.5125
2024-07-12 00:34:00,27.5225
2024-07-12 00:35:00,27.5100
2024-07-12 00:36:00,27.4850
2024-07-12 00:37:00,27.4575
2024-07-12 00:38:00,27.4800
2024-07-12 00:39:00,27.4625
2024-07-12 00:40:00,27.4400
2024-07-12 00:41:00,27.4450
2024-07-12 00:42:00,27.4300
2024-07-12 00:43:00,27.4225
2024-07-12 00:44:00,27.4200
2024-07-12 00:45:00,27.4150
2024-07-12 00:46:00,27.3875
2024-07-12 00:47:00,27.3650
2024-07-12 00:48:00,27.3650
2024-07-12 00:49:00,27.3800
2024-07-12 00:50:00,27.3475
2024-07-12 00:51:00,27.3450
2024-07-12 00:52:00,27.3575
2024-07-12 00:53:00,27.3100
2024-07-12 00:54:00,27.3375
2024-07-12 00:55:00,27.2975
2024-07-12 00:56:00,27.2775
2024-07-12 00:57:00,27.2750
2024-07-12 00:58:00,27.2450
2024-07-12 00:59:00,27.2325
2024-07-12 01:00:00,27.2475
2024-07-12 01:01:00,27.2325
2024-07-12 01:02:00,27.2175
2024-07-12 01:03:00,27.2300
2024-07-12 01:04:00,27.2050
2024-07-12 01:05:00,27.2050
2024-07-12 01:06:00,27.1900
2024-07-12 01:07:00,27.1950
2024-07-12 01:08:00,27.1725
2024-07-12 01:09:00,27.1825
2024-07-12 01:10:00,27.1700
2024-07-12 01:11:00,27.1525
2024-07-12 01:12:00,27.1450
2024-07-12 01:13:00,27.1400
2024-07-12 01:14:00,27.1175
2024-07-12 01:15:00,27.1200
2024-07-12 01:16:00,27.1125
2024-07-12 01:17:00,27.1150
2024-07-12 01:18:00,27.0900
2024-07-12 01:19:00,27.0675
2024-07-12 01:20:00,27.0675
2024-07-12 01:21:00,27.0625
2024-07-12 01:22:00,27.0300
2024-07-12 01:23:00,27.0325
2024-07-12 01:24:00,27.0200
2024-07-12 01:25:00,26.9925
2024-07-12 01:26:00,27.0025
2024-07-12 01:27:00,26.9650
2024-07-12 01:28:00,26.9700
2024-07-12 01:29:00,26.9425
2024-07-12 01:30:00,26.9250
2024-07-12 01:31:00,26.9450
2024-07-12 01:32:00,26.9150
2024-07-12 01:33:00,26.9050
2024-07-12 01:34:00,26.9100
2024-07-12 01:35:00,26.9125
2024-07-12 01:36:00,26.9050
2024-07-12 01:37:00,26.9025
2024-07-12 01:38:00,26.8875
2024-07-12 01:39:00,26.8750
2024-07-12 01:40:00,26.8700
2024-07-12 01:41:00,26.8650
2024-07-12 01:42:00,26.8425
2024-07-12 01:43:00,26.8500
2024-07-12 01:44:00,26.8425
2024-07-12 01:45:00,26.8200
2024-07-12 01:46:00,26.8275
2024-07-12 01:47:00,26.8200
2024-07-12 01:48:00,26.8100
2024-07-12 01:49:00,26.8125
2024-07-12 01:50:00,26.8125
2024-07-12 01:51:00,26.7850
2024-07-12 01:52:00,26.7875
2024-07-12 01:53:00,26.7875
2024-07-12 01:54:00,26.7650
2024-07-12 01:55:00,26.7575
2024-07-12 01:56:00,26.7600
2024-07-12 01:57:00,26.7625
2024-07-12 01:58:00,26.7600
2024-07-12 01:59:00,26.7350
2024-07-12 02:00:00,26.7100
2024-07-12 02:01:00,26.6825
2024-07-12 02:02:00,26.6675
2024-07-12 02:03:00,26.6575
2024-07-12 02:04:00,26.6400
2024-07-12 02:05:00,26.6400
2024-07-12 02:06:00,26.6175
2024-07-12 02:07:00,26.6175
2024-07-12 02:08:00,26.5925
2024-07-12 02:09:00,26.6100
2024-07-12 02:10:00,26.5950
2024-07-12 02:11:00,26.5850
2024-07-12 02:12:00,26.5950
2024-07-12 02:13:00,26.5725
2024-07-12 02:14:00,26.5450
2024-07-12 02:15:00,26.5550
2024-07-12 02:16:00,26.5575
2024-07-12 02:17:00,26.5550
2024-07-12 02:18:00,26.5300
2024-07-12 02:19:00,26.5050
2024-07-12 02:20:00,26.5175
2024-07-12 02:21:00,26.5050
2024-07-12 02:22:00,26.4900
2024-07-12 02:23:00,26.4825
2024-07-12 02:24:00,26.4750
2024-07-12 02:25:00,26.4425
2024-07-12 02:26:00,26.4625
2024-07-12 02:27:00,26.4425
2024-07-12 02:28:00,26.4425
2024-07-12 02:29:00,26.4350
2024-07-12 02:30:00,26.4125
2024-07-12 02:31:00,26.4250
2024-07-12 02:32:00,26.4075
2024-07-12 02:33:00,26.3975
2024-07-12 02:34:00,26.3900
2024-07-12 02:35:00,26.3725
2024-07-12 02:36:00,26.3700
2024-07-12 02:37:00,26.3775
2024-07-12 02:38:00,26.3700
2024-07-12 02:39:00,26.3575
2024-07-12 02:40:00,26.3400
2024-07-12 02:41:00,26.3300
2024-07-12 02:42:00,26.3300
2024-07-12 02:43:00,26.3425
2024-07-12 02:44:00,26.3400
2024-07-12 02:45:00,26.3300
2024-07-12 02:46:00,26.3300
2024-07-12 02:47:00,26.3200
2024-07-12 02:48:00,26.2975
2024-07-12 02:49:00,26.3175
2024-07-12 02:50:00,26.3225
2024-07-12 02:51:00,26.2650
2024-07-12 02:52:00,26.2625
2024-07-12 02:53:00,26.2675
2024-07-12 02:54:00,26.2800
2024-07-12 02:55:00,26.2600
2024-07-12 02:56:00,26.2525
2024-07-12 02:57:00,26.2500
2024-07-12 02:58:00,26.2250
2024-07-12 02:59:00,26.2175
2024-07-12 03:00:00,26.2125
2024-07-12 03:01:00,26.2175
2024-07-12 03:02:00,26.1900
2024-07-12 03:03:00,26.1875
2024-07-12 03:04:00,26.1525
2024-07-12 03:05:00,26.1425
2024-07-12 03:06:00,26.1100
2024-07-12 03:07:00,26.1000
2024-07-12 03:08:00,26.1000
2024-07-12 03:09:00,26.0750
2024-07-12 03:10:00,26.0975
2024-07-12 03:11:00,26.0625
2024-07-12 03:12:00,26.0450
2024-07-12 03:13:00,26.0400
2024-07-12 03:14:00,26.0400
2024-07-12 03:15:00,25.9975
2024-07-12 03:16:00,25.9750
2024-07-12 03:17:00,25.9550
2024-07-12 03:18:00,25.9425
2024-07-12 03:19:00,25.9350
2024-07-12 03:20:00,25.9400
2024-07-12 03:21:00,25.9175
2024-07-12 03:22:00,25.8925
2024-07-12 03:23:00,25.8775
2024-07-12 03:24:00,25.8450
2024-07-12 03:25:00,25.8550
2024-07-12 03:26:00,25.8325
2024-07-12 03:27:00,25.8325
2024-07-12 03:28:00,25.8075
2024-07-12 03:29:00,25.7925
2024-07-12 03:30:00,25.7925
2024-07-12 03:31:00,25.7700
2024-07-12 03:32:00,25.7600
2024-07-12 03:33:00,25.7675
2024-07-12 03:34:00,25.7450
2024-07-12 03:35:00,25.7275
2024-07-12 03:36:00,25.7175
2024-07-12 03:37:00,25.7050
2024-07-12 03:38:00,25.6700
2024-07-12 03:39:00,25.6675
2024-07-12 03:40:00,25.6400
2024-07-12 03:41:00,25.6250
2024-07-12 03:42:00,25.6200
2024-07-12 03:43:00,25.6050
2024-07-12 03:44:00,25.6025
2024-07-12 03:45:00,25.5875
2024-07-12 03:46:00,25.5600
2024-07-12 03:47:00,25.5650
2024-07-12 03:48:00,25.5600
2024-07-12 03:49:00,25.5325
2024-07-12 03:50:00,25.5375
2024-07-12 03:51:00,25.5125
2024-07-12 03:52:00,25.5325
2024-07-12 03:53:00,25.5150
2024-07-12 03:54:00,25.5150
2024-07-12 03:55:00,25.5025
2024-07-12 03:56:00,25.4625
2024-07-12 03:57:00,25.4650
2024-07-12 03:58:00,25.4625
2024-07-12 03:59:00,25.4375
2024-07-12 04:00:00,25.4375
2024-07-12 04:01:00,25.4175
2024-07-12 04:02:00,25.4100
2024-07-12 04:03:00,25.4150
2024-07-12 04:04:00,25.3750
2024-07-12 04:05:00,25.3900
2024-07-12 04:06:00,25.3675
2024-07-12 04:07:00,25.3575
2024-07-12 04:08:00,25.3425
2024-07-12 04:09:00,25.3450
2024-07-12 04:10:00,25.3450
2024-07-12 04:11:00,25.3375
2024-07-12 04:12:00,25.3125
2024-07-12 04:13:00,25.3125
2024-07-12 04:14:00,25.3075
2024-07-12 04:15:00,25.3050
2024-07-12 04:16:00,25.2700
2024-07-12 04:17:00,25.2575
2024-07-12 04:18:00,25.2600
2024-07-12 04:19:00,25.2575
2024-07-12 04:20:00,25.2450
2024-07-12 04:21:00,25.2350
2024-07-12 04:22:00,25.2300
2024-07-12 04:23:00,25.2050
2024-07-12 04:24:00,25.2075
2024-07-12 04:25:00,25.1750
2024-07-12 04:26:00,25.1825
2024-07-12 04:27:00,25.1825
2024-07-12 04:28:00,25.1750
2024-07-12 04:29:00,25.1475
2024-07-12 04:30:00,25.1475
2024-07-12 04:31:00,25.1550
2024-07-12 04:32:00,25.1475
2024-07-12 04:33:00,25.1100
2024-07-12 04:34:00,25.1250
2024-07-12 04:35:00,25.1225
2024-07-12 04:36:00,25.0825
2024-07-12 04:37:00,25.1075
2024-07-12 04:38:00,25.0875
2024-07-12 04:39:00,25.1025
2024-07-12 04:40:00,25.0900
2024-07-12 04:41:00,25.0900
2024-07-12 04:42:00,25.0800
2024-07-12 04:43:00,25.0725
2024-07-12 04:44:00,25.0750
2024-07-12 04:45:00,25.0850
2024-07-12 04:46:00,25.0575
2024-07-12 04:47:00,25.0750
2024-07-12 04:48:00,25.0475
2024-07-12 04:49:00,25.0725
2024-07-12 04:50:00,25.0725
2024-07-12 04:51:00,25.0325
2024-07-12 04:52:00,25.0550
2024-07-12 04:53:00,25.0450
2024-07-12 04:54:00,25.0300
2024-07-12 04:55:00,25.0275
2024-07-12 04:56:00,25.0175
2024-07-12 04:57:00,25.0150
2024-07-12 04:58:00,25.0125
2024-07-12 04:59:00,25.0100
2024-07-12 05:00:00,24.9900
2024-07-12 05:01:00,24.9675
2024-07-12 05:02:00,24.9900
2024-07-12 05:03:00,24.9825
2024-07-12 05:04:00,24.9575
2024-07-12 05:05:00,24.9675
2024-07-12 05:06:00,24.9675
2024-07-12 05:07:00,24.9425
2024-07-12 05:08:00,24.9425
2024-07-12 05:09:00,24.9325
2024-07-12 05:10:00,24.9325
2024-07-12 05:11:00,24.9300
2024-07-12 05:12:00,24.9325
2024-07-12 05:13:00,24.9125
2024-07-12 05:14:00,24.9000
2024-07-12 05:15:00,24.9050
2024-07-12 05:16:00,24.8950
2024-07-12 05:17:00,24.8925
2024-07-12 05:18:00,24.8800
2024-07-12 05:19:00,24.8675
2024-07-12 05:20:00,24.8725
2024-07-12 05:21:00,24.8675
2024-07-12 05:22:00,24.8350
2024-07-12 05:23:00,24.8525
2024-07-12 05:24:00,24.8350
2024-07-12 05:25:00,24.8250
2024-07-12 05:26:00,24.8300
2024-07-12 05:27:00,24.8250
2024-07-12 05:28:00,24.7925
2024-07-12 05:29:00,24.8050
2024-07-12 05:30:00,24.7950
2024-07-12 05:31:00,24.7975
2024-07-12 05:32:00,24.7625
2024-07-12 05:33:00,24.7825
2024-07-12 05:34:00,24.7625
2024-07-12 05:35:00,24.7500
2024-07-12 05:36:00,24.7400
2024-07-12 05:37:00,24.7225
2024-07-12 05:38:00,24.7150
2024-07-12 05:39:00,24.7000
2024-07-12 05:40:00,24.6750
2024-07-12 05:41:00,24.6800
2024-07-12 05:42:00,24.6700
2024-07-12 05:43:00,24.6500
2024-07-12 05:44:00,24.6525
2024-07-12 05:45:00,24.6375
2024-07-12 05:46:00,24.6325
2024-07-12 05:47:00,24.6375
2024-07-12 05:48:00,24.5725
2024-07-12 05:49:00,24.6025
2024-07-12 05:50:00,24.6075
2024-07-12 05:51:00,24.5725
2024-07-12 05:52:00,24.5475
2024-07-12 05:53:00,24.5375
2024-07-12 05:54:00,24.5275
2024-07-12 05:55:00,24.4975
2024-07-12 05:56:00,24.5125
2024-07-12 05:57:00,24.5025
2024-07-12 05:58:00,24.4750
2024-07-12 05:59:00,24.4725
2024-07-12 06:00:00,24.4725
2024-07-12 06:01:00,24.4450
2024-07-12 06:02:00,24.4350
2024-07-12 06:03:00,24.4200
2024-07-12 06:04:00,24.4175
2024-07-12 06:05:00,24.3900
2024-07-12 06:06:00,24.3850
2024-07-12 06:07:00,24.3550
2024-07-12 06:08:00,24.3375
2024-07-12 06:09:00,24.3450
2024-07-12 06:10:00,24.3075
2024-07-12 06:11:00,24.3050
2024-07-12 06:12:00,24.2875
2024-07-12 06:13:00,24.3075
2024-07-12 06:14:00,24.2700
2024-07-12 06:15:00,24.2475
2024-07-12 06:16:00,24.2450
2024-07-12 06:17:00,24.2475
2024-07-12 06:18:00,24.2175
2024-07-12 06:19:00,24.2100
2024-07-12 06:20:00,24.2000
2024-07-12 06:21:00,24.2050
2024-07-12 06:22:00,24.1725
2024-07-12 06:23:00,24.1650
2024-07-12 06:24:00,24.1675
2024-07-12 06:25:00,24.1500
2024-07-12 06:26:00,24.1500
2024-07-12 06:27:00,24.1300
2024-07-12 06:28:00,24.1625
2024-07-12 06:29:00,24.1475
2024-07-12 06:30:00,24.1275
2024-07-12 06:31:00,24.1300
2024-07-12 06:32:00,24.1275
2024-07-12 06:33:00,24.1225
2024-07-12 06:34:00,24.1050
2024-07-12 06:35:00,24.0925
2024-07-12 06:36:00,24.0775
2024-07-12 06:37:00,24.0750
2024-07-12 06:38:00,24.0775
2024-07-12 06:39:00,24.0750
2024-07-12 06:40:00,24.0650
2024-07-12 06:41:00,24.0375
2024-07-12 06:42:00,24.0375
2024-07-12 06:43:00,24.0300
2024-07-12 06:44:00,24.0175
2024-07-12 06:45:00,24.0275
2024-07-12 06:46:00,23.9900
2024-07-12 06:47:00,24.0275
2024-07-12 06:48:00,24.0075
2024-07-12 06:49:00,24.0300
2024-07-12 06:50:00,24.0200
2024-07-12 06:51:00,24.0275
2024-07-12 06:52:00,24.0300
2024-07-12 06:53:00,24.0625
2024-07-12 06:54:00,24.0300
2024-07-12 06:55:00,24.0550
2024-07-12 06:56:00,24.0725
2024-07-12 06:57:00,24.0700
2024-07-12 06:58:00,24.0625
2024-07-12 06:59:00,24.0750
2024-07-12 07:00:00,24.0975
2024-07-12 07:01:00,24.0550
2024-07-12 07:02:00,24.1025
2024-07-12 07:03:00,24.0950
2024-07-12 07:04:00,24.1075
2024-07-12 07:05:00,24.1075
2024-07-12 07:06:00,24.1300
2024-07-12 07:07:00,24.1300
2024-07-12 07:08:00,24.1725
2024-07-12 07:09:00,24.1650
2024-07-12 07:10:00,24.1750
2024-07-12 07:11:00,24.1725
2024-07-12 07:12:00,24.1900
2024-07-12 07:13:00,24.1800
2024-07-12 07:14:00,24.2175
2024-07-12 07:15:00,24.2100
2024-07-12 07:16:00,24.2325
2024-07-12 07:17:00,24.2100
2024-07-12 07:18:00,24.2550
2024-07-12 07:19:00,24.2800
2024-07-12 07:20:00,24.2625
2024-07-12 07:21:00,24.2525
2024-07-12 07:22:00,24.2675
2024-07-12 07:23:00,24.2925
2024-07-12 07:24:00,24.2900
2024-07-12 07:25:00,24.2725
2024-07-12 07:26:00,24.3050
2024-07-12 07:27:00,24.3225
2024-07-12 07:28:00,24.3275
2024-07-12 07:29:00,24.3200
2024-07-12 07:30:00,24.3250
2024-07-12 07:31:00,24.3475
2024-07-12 07:32:00,24.3625
2024-07-12 07:33:00,24.3775
2024-07-12 07:34:00,24.3875
2024-07-12 07:35:00,24.3700
2024-07-12 07:36:00,24.4000
2024-07-12 07:37:00,24.4350
2024-07-12 07:38:00,24.4200
2024-07-12 07:39:00,24.4450
2024-07-12 07:40:00,24.4600
2024-07-12 07:41:00,24.4725
2024-07-12 07:42:00,24.4925
2024-07-12 07:43:00,24.4900
2024-07-12 07:44:00,24.5200
2024-07-12 07:45:00,24.5200
2024-07-12 07:46:00,24.5450
2024-07-12 07:47:00,24.5400
2024-07-12 07:48:00,24.5450
2024-07-12 07:49:00,24.5650
2024-07-12 07:50:00,24.6025
2024-07-12 07:51:00,24.6150
2024-07-12 07:52:00,24.6125
2024-07-12 07:53:00,24.6400
2024-07-12 07:54:00,24.6350
2024-07-12 07:55:00,24.6575
2024-07-12 07:56:00,24.6550
2024-07-12 07:57:00,24.6750
2024-07-12 07:58:00,24.7025
2024-07-12 07:59:00,24.7175
2024-07-12 08:00:00,24.7225
2024-07-12 08:01:00,24.7500
2024-07-12 08:02:00,24.7375
2024-07-12 08:03:00,24.7775
2024-07-12 08:04:00,24.7975
2024-07-12 08:05:00,24.8175
2024-07-12 08:06:00,24.8400
2024-07-12 08:07:00,24.8400
2024-07-12 08:08:00,24.8450
2024-07-12 08:09:00,24.8750
2024-07-12 08:10:00,24.8900
2024-07-12 08:11:00,24.9150
2024-07-12 08:12:00,24.9225
2024-07-12 08:13:00,24.9325
2024-07-12 08:14:00,24.9450
2024-07-12 08:15:00,24.9675
2024-07-12 08:16:00,25.0175
2024-07-12 08:17:00,24.9900
2024-07-12 08:18:00,25.0025
2024-07-12 08:19:00,25.0275
2024-07-12 08:20:00,25.0375
2024-07-12 08:21:00,25.0475
2024-07-12 08:22:00,25.0700
2024-07-12 08:23:00,25.1000
2024-07-12 08:24:00,25.0900
2024-07-12 08:25:00,25.1175
2024-07-12 08:26:00,25.1325
2024-07-12 08:27:00,25.1450
2024-07-12 08:28:00,25.1450
2024-07-12 08:29:00,25.1725
2024-07-12 08:30:00,25.1850
2024-07-12 08:31:00,25.1875
2024-07-12 08:32:00,25.2375
2024-07-12 08:33:00,25.2375
2024-07-12 08:34:00,25.2325
2024-07-12 08:35:00,25.2575
2024-07-12 08:36:00,25.2100
2024-07-12 08:37:00,25.2350
2024-07-12 08:38:00,25.2325
2024-07-12 08:39:00,25.2075
2024-07-12 08:40:00,25.1975
2024-07-12 08:41:00,25.1975
2024-07-12 08:42:00,25.2075
2024-07-12 08:43:00,25.1725
2024-07-12 08:44:00,25.2025
2024-07-12 08:45:00,25.1975
2024-07-12 08:46:00,25.1925
2024-07-12 08:47:00,25.1700
2024-07-12 08:48:00,25.1700
2024-07-12 08:49:00,25.1800
2024-07-12 08:50:00,25.1675
2024-07-12 08:51:00,25.1700
2024-07-12 08:52:00,25.1725
2024-07-12 08:53:00,25.1725
2024-07-12 08:54:00,25.1850
2024-07-12 08:55:00,25.1450
2024-07-12 08:56:00,25.1575
2024-07-12 08:57:00,25.1750
2024-07-12 08:58:00,25.1675
2024-07-12 08:59:00,25.1700
2024-07-12 09:00:00,25.1700
2024-07-12 09:01:00,25.1825
2024-07-12 09:02:00,25.1550
2024-07-12 09:03:00,25.1625
2024-07-12 09:04:00,25.1550
2024-07-12 09:05:00,25.1600
2024-07-12 09:06:00,25.1600
2024-07-12 09:07:00,25.1325
2024-07-12 09:08:00,25.1550
2024-07-12 09:09:00,25.1850
2024-07-12 09:10:00,25.1625
2024-07-12 09:11:00,25.1975
2024-07-12 09:12:00,25.1725
2024-07-12 09:13:00,25.2000
2024-07-12 09:14:00,25.1850
2024-07-12 09:15:00,25.1825
2024-07-12 09:16:00,25.1800
2024-07-12 09:17:00,25.1825
2024-07-12 09:18:00,25.1850
2024-07-12 09:19:00,25.1650
2024-07-12 09:20:00,25.1700
2024-07-12 09:21:00,25.1275
2024-07-12 09:22:00,25.1175
2024-07-12 09:23:00,25.1300
2024-07-12 09:24:00,25.1075
2024-07-12 09:25:00,25.0800
2024-07-12 09:26:00,25.0950
2024-07-12 09:27:00,25.0800
2024-07-12 09:28:00,25.0750
2024-07-12 09:29:00,25.0775
2024-07-12 09:30:00,25.0825
2024-07-12 09:31:00,25.0800
2024-07-12 09:32:00,25.0500
2024-07-12 09:33:00,25.0175
2024-07-12 09:34:00,24.9975
2024-07-12 09:35:00,24.9475
2024-07-12 09:36:00,24.9275
2024-07-12 09:37:00,24.8975
2024-07-12 09:38:00,24.8950
2024-07-12 09:39:00,24.8300
2024-07-12 09:40:00,24.8075
2024-07-12 09:41:00,24.7600
2024-07-12 09:42:00,24.7325
2024-07-12 09:43:00,24.7200
2024-07-12 09:44:00,24.6900
2024-07-12 09:45:00,24.6575
2024-07-12 09:46:00,24.6200
2024-07-12 09:47:00,24.5900
2024-07-12 09:48:00,24.5450
2024-07-12 09:49:00,24.5550
2024-07-12 09:50:00,24.5000
2024-07-12 09:51:00,24.4650
2024-07-12 09:52:00,24.4525
2024-07-12 09:53:00,24.3950
2024-07-12 09:54:00,24.3450
2024-07-12 09:55:00,24.2950
2024-07-12 09:56:00,24.2650
2024-07-12 09:57:00,24.2525
2024-07-12 09:58:00,24.1850
2024-07-12 09:59:00,24.1450
2024-07-12 10:00:00,24.1025
2024-07-12 10:01:00,24.0750
2024-07-12 10:02:00,24.0025
2024-07-12 10:03:00,23.9775
2024-07-12 10:04:00,23.9525
2024-07-12 10:05:00,23.9275
2024-07-12 10:06:00,23.9000
2024-07-12 10:07:00,23.8675
2024-07-12 10:08:00,23.8350
2024-07-12 10:09:00,23.8275
2024-07-12 10:10:00,23.8175
2024-07-12 10:11:00,23.7825
2024-07-12 10:12:00,23.7625
2024-07-12 10:13:00,23.7525
2024-07-12 10:14:00,23.7475
2024-07-12 10:15:00,23.6800
2024-07-12 10:16:00,23.6825
2024-07-12 10:17:00,23.6425
2024-07-12 10:18:00,23.6300
2024-07-12 10:19:00,23.6175
2024-07-12 10:20:00,23.5675
2024-07-12 10:21:00,23.5375
2024-07-12 10:22:00,23.5000
2024-07-12 10:23:00,23.4700
2024-07-12 10:24:00,23.4675
2024-07-12 10:25:00,23.4350
2024-07-12 10:26:00,23.4075
2024-07-12 10:27:00,23.3875
2024-07-12 10:28:00,23.3700
2024-07-12 10:29:00,23.3300
2024-07-12 10:30:00,23.3150
2024-07-12 10:31:00,23.2975
2024-07-12 10:32:00,23.3050
2024-07-12 10:33:00,23.2775
2024-07-12 10:34:00,23.2350
2024-07-12 10:35:00,23.2375
2024-07-12 10:36:00,23.2075
2024-07-12 10:37:00,23.1800
2024-07-12 10:38:00,23.1400
2024-07-12 10:39:00,23.1350
2024-07-12 10:40:00,23.1725
2024-07-12 10:41:00,23.3650
2024-07-12 10:42:00,23.4775
2024-07-12 10:43:00,23.5825
2024-07-12 10:44:00,23.6700
2024-07-12 10:45:00,23.7175
2024-07-12 10:46:00,23.7875
2024-07-12 10:47:00,23.8575
2024-07-12 10:48:00,23.8725
2024-07-12 10:49:00,23.9500
2024-07-12 10:50:00,23.9975
2024-07-12 10:51:00,24.0325
2024-07-12 10:52:00,24.0675
2024-07-12 10:53:00,24.0950
2024-07-12 10:54:00,24.1325
2024-07-12 10:55:00,24.1300
2024-07-12 10:56:00,24.1750
2024-07-12 10:57:00,24.2300
2024-07-12 10:58:00,24.2500
2024-07-12 10:59:00,24.2375
2024-07-12 11:00:00,24.2425
2024-07-12 11:01:00,24.3050
2024-07-12 11:02:00,24.3225
2024-07-12 11:03:00,24.3625
2024-07-12 11:04:00,24.4125
2024-07-12 11:05:00,24.4500
2024-07-12 11:06:00,24.4825
2024-07-12 11:07:00,24.4925
2024-07-12 11:08:00,24.5400
2024-07-12 11:09:00,24.5650
2024-07-12 11:10:00,24.5750
2024-07-12 11:11:00,24.5625
2024-07-12 11:12:00,24.5750
2024-07-12 11:13:00,24.6125
2024-07-12 11:14:00,24.6400
2024-07-12 11:15:00,24.6525
2024-07-12 11:16:00,24.6550
2024-07-12 11:17:00,24.7125
2024-07-12 11:18:00,24.6925
2024-07-12 11:19:00,24.7275
2024-07-12 11:20:00,24.7425
2024-07-12 11:21:00,24.7500
2024-07-12 11:22:00,24.7375
2024-07-12 11:23:00,24.7475
2024-07-12 11:24:00,24.7650
2024-07-12 11:25:00,24.8500
2024-07-12 11:26:00,24.8725
2024-07-12 11:27:00,24.8975
2024-07-12 11:28:00,25.2750
2024-07-12 11:29:00,25.6725
2024-07-12 11:30:00,26.2250
2024-07-12 11:31:00,26.2125
2024-07-12 11:32:00,26.2000
2024-07-12 11:33:00,26.1150
2024-07-12 11:34:00,26.1150
2024-07-12 11:35:00,26.3675
2024-07-12 11:36:00,26.0150
2024-07-12 11:37:00,25.7725
2024-07-12 11:38:00,25.5875
2024-07-12 11:39:00,25.4650
2024-07-12 11:40:00,25.3625
2024-07-12 11:41:00,25.2875
2024-07-12 11:42:00,25.2125
